Master_id,temp_acc_year,Accnt year,acc_year/id,date_from,Assess year,assess_year/id,reg_id,name,wakf_id/id,line_1,line_2,line_3
1,,2012-2013,__export__.account_fiscalyear_246,2013-07-19,2013-2014,__export__.account_fiscalyear_247,2832,3982,__export__.res_partner_2089,0,0,0
2,1982-1998,1982-1998,,2001-03-31,2000-2001,__export__.account_fiscalyear_234,4891,4180,__export__.res_partner_6323,0,0,0
3,1989-1999,1989-1999,,2001-03-31,2000-2001,__export__.account_fiscalyear_234,3076,3722,__export__.res_partner_3573,0,0,0
4,,2011-2012,__export__.account_fiscalyear_245,2012-10-01,2012-2013,__export__.account_fiscalyear_246,2935,3828,__export__.res_partner_8082,0,0,0
5,,2012-2013,__export__.account_fiscalyear_246,2013-09-04,2013-2014,__export__.account_fiscalyear_247,2935,3828,__export__.res_partner_8082,0,0,0
6,,2012-2013,__export__.account_fiscalyear_246,2013-10-08,2013-2014,__export__.account_fiscalyear_247,2976,3882,__export__.res_partner_6729,0,0,0
7,,2012-2013,__export__.account_fiscalyear_246,2013-07-27,2013-2014,__export__.account_fiscalyear_247,1142,6830,__export__.res_partner_5044,0,0,0
8,1997-1999,1997-1999,,2001-03-31,2000-2001,__export__.account_fiscalyear_234,1169,6835,__export__.res_partner_3415,0,0,0
9,1997-1999,1997-1999,,2001-03-01,2000-2001,__export__.account_fiscalyear_234,1146,6826,__export__.res_partner_7151,0,0,0
10,,2010-2011,__export__.account_fiscalyear_244,2011-06-10,2011-2012,__export__.account_fiscalyear_245,1935,6824,__export__.res_partner_1311,0,0,0
11,1997-1999,1997-1999,,2001-03-01,2000-2001,__export__.account_fiscalyear_234,1170,6837,__export__.res_partner_1606,0,0,0
12,1997-1999,1997-1999,,2001-03-30,2000-2001,__export__.account_fiscalyear_234,1161,6833,__export__.res_partner_5066,0,0,0
13,1997-1999,1997-1999,,2001-03-31,2000-2001,__export__.account_fiscalyear_234,1149,6880,__export__.res_partner_4112,0,0,0
14,1997-1999,1997-1999,,2001-03-31,2000-2001,__export__.account_fiscalyear_234,1226,6840,__export__.res_partner_7570,0,0,0
15,,2001-2002,__export__.account_fiscalyear_235,2002-12-10,2002-2003,__export__.account_fiscalyear_236,1013,6882,__export__.res_partner_5298,0,0,0
16,,2012-2013,__export__.account_fiscalyear_246,2013-07-22,2013-2014,__export__.account_fiscalyear_247,1066,6879,__export__.res_partner_5179,0,0,0
17,,2006-2007,__export__.account_fiscalyear_240,2009-03-28,2007-2008,__export__.account_fiscalyear_241,1050,6838,__export__.res_partner_7308,0,0,0
18,,2007-2008,__export__.account_fiscalyear_241,2009-03-28,2008-2009,__export__.account_fiscalyear_242,1050,6838,__export__.res_partner_7308,0,0,0
19,,2011-2012,__export__.account_fiscalyear_245,2012-09-25,2012-2013,__export__.account_fiscalyear_246,1050,6838,__export__.res_partner_7308,0,0,0
21,1997-1999,1997-1999,,2001-03-31,2000-2001,__export__.account_fiscalyear_234,1202,6846,__export__.res_partner_6535,0,0,0
22,,2001-2002,__export__.account_fiscalyear_235,2002-12-30,2002-2003,__export__.account_fiscalyear_236,1202,6846,__export__.res_partner_6535,0,0,0
23,,2002-2003,__export__.account_fiscalyear_236,2004-05-13,2004-2005,__export__.account_fiscalyear_238,1202,6846,__export__.res_partner_6535,0,0,0
24,,2004-2005,__export__.account_fiscalyear_238,2007-06-26,2007-2008,__export__.account_fiscalyear_241,1202,6846,__export__.res_partner_6535,0,0,0
25,,1998-1999,__export__.account_fiscalyear_232,2001-03-31,2000-2001,__export__.account_fiscalyear_234,1190,6847,__export__.res_partner_7535,0,0,0
26,,2012-2013,__export__.account_fiscalyear_246,2013-12-10,2013-2014,__export__.account_fiscalyear_247,1204,6961,__export__.res_partner_5650,0,0,0
27,,2008-2009,__export__.account_fiscalyear_242,2010-11-30,2010-2011,__export__.account_fiscalyear_244,2112,5651,__export__.res_partner_4874,0,0,0
28,,2006-2007,__export__.account_fiscalyear_240,2007-04-30,2007-2008,__export__.account_fiscalyear_241,2915,3791,__export__.res_partner_5847,0,0,0
29,,2012-2013,__export__.account_fiscalyear_246,2013-09-26,2013-2014,__export__.account_fiscalyear_247,7291,7312,__export__.res_partner_6463,0,0,0
30,,2007-2008,__export__.account_fiscalyear_241,2008-10-16,2008-2009,__export__.account_fiscalyear_242,2967,3862,__export__.res_partner_7760,0,0,0
31,,2009-2010,__export__.account_fiscalyear_243,2010-06-07,2010-2011,__export__.account_fiscalyear_244,2967,3862,__export__.res_partner_7760,0,0,0
32,,2010-2011,__export__.account_fiscalyear_244,2013-08-20,2013-2014,__export__.account_fiscalyear_247,2967,3862,__export__.res_partner_7760,0,0,0
33,,2011-2012,__export__.account_fiscalyear_245,2013-08-26,2013-2014,__export__.account_fiscalyear_247,2967,3862,__export__.res_partner_7760,0,0,0
34,,2012-2013,__export__.account_fiscalyear_246,2013-08-26,2013-2014,__export__.account_fiscalyear_247,2967,3862,__export__.res_partner_7760,0,0,0
36,1995-1997,1995-1997,,2001-03-31,2000-2001,__export__.account_fiscalyear_234,3065,3714,__export__.res_partner_394,0,0,0
37,,2003-2004,__export__.account_fiscalyear_237,2006-03-22,2005-2006,__export__.account_fiscalyear_239,3065,3714,__export__.res_partner_394,0,0,0
38,,2004-2005,__export__.account_fiscalyear_238,2006-03-22,2005-2006,__export__.account_fiscalyear_239,3065,3714,__export__.res_partner_394,0,0,0
39,,2005-2006,__export__.account_fiscalyear_239,2006-05-06,2006-2007,__export__.account_fiscalyear_240,3065,3714,__export__.res_partner_394,0,0,0
40,,2006-2007,__export__.account_fiscalyear_240,2008-01-08,2007-2008,__export__.account_fiscalyear_241,3065,3714,__export__.res_partner_394,0,0,0
41,,1996-1997,__export__.account_fiscalyear_230,2001-03-31,2001-2002,__export__.account_fiscalyear_235,2934,3827,__export__.res_partner_2621,0,0,0
42,,1997-1998,__export__.account_fiscalyear_231,2001-03-03,2000-2001,__export__.account_fiscalyear_234,1194,6845,__export__.res_partner_5932,0,0,0
43,1992-1996,1992-1996,,2001-03-31,2000-2001,__export__.account_fiscalyear_234,3088,3725,__export__.res_partner_5769,0,0,0
45,1996-1999,1996-1999,,2001-03-31,2000-2001,__export__.account_fiscalyear_234,3088,3725,__export__.res_partner_5769,0,0,0
46,,2009-2010,__export__.account_fiscalyear_243,2010-08-20,2010-2011,__export__.account_fiscalyear_244,3096,3672,__export__.res_partner_8400,0,0,0
47,,2011-2012,__export__.account_fiscalyear_245,2012-07-30,2012-2013,__export__.account_fiscalyear_246,3096,3672,__export__.res_partner_8400,0,0,0
48,,2012-2013,__export__.account_fiscalyear_246,2013-11-04,2013-2014,__export__.account_fiscalyear_247,3096,3672,__export__.res_partner_8400,0,0,0
49,1997-1999,1997-1999,,2001-03-31,2000-2001,__export__.account_fiscalyear_234,3011,3677,__export__.res_partner_5774,0,0,0
50,1984-1999,1984-1999,,2001-03-31,2000-2001,__export__.account_fiscalyear_234,3010,3675,__export__.res_partner_5791,0,0,0
51,,1998-1999,__export__.account_fiscalyear_232,2001-03-31,2000-2001,__export__.account_fiscalyear_234,3028,3676,__export__.res_partner_7582,0,0,0
52,,2010-2011,__export__.account_fiscalyear_244,2011-05-19,2011-2012,__export__.account_fiscalyear_245,3028,3676,__export__.res_partner_7582,0,0,0
53,,2011-2012,__export__.account_fiscalyear_245,2012-09-25,2012-2013,__export__.account_fiscalyear_246,3028,3676,__export__.res_partner_7582,0,0,0
54,,2012-2013,__export__.account_fiscalyear_246,2013-07-19,2013-2014,__export__.account_fiscalyear_247,3032,3681,__export__.res_partner_517,0,0,0
55,,2012-2013,__export__.account_fiscalyear_246,2013-12-11,2013-2014,__export__.account_fiscalyear_247,3034,3683,__export__.res_partner_5520,0,0,0
56,1997-1999,1997-1999,,2001-03-31,2000-2001,__export__.account_fiscalyear_234,2888,3757,__export__.res_partner_7368,0,0,0
58,,2009-2010,__export__.account_fiscalyear_243,2010-09-02,2010-2011,__export__.account_fiscalyear_244,1518,5753,__export__.res_partner_980,0,0,0
59,,2012-2013,__export__.account_fiscalyear_246,2013-07-20,2013-2014,__export__.account_fiscalyear_247,689,3880,__export__.res_partner_7831,0,0,0
60,,2012-2013,__export__.account_fiscalyear_246,2013-07-19,2013-2014,__export__.account_fiscalyear_247,2770,3915,__export__.res_partner_4660,0,0,0
61,,2012-2013,__export__.account_fiscalyear_246,2013-07-20,2013-2014,__export__.account_fiscalyear_247,868,5936,__export__.res_partner_176,0,0,0
62,1987-1999,1987-1999,,2001-03-31,2000-2001,__export__.account_fiscalyear_234,2085,5650,__export__.res_partner_103,0,0,0
63,1989-1999,1989-1999,,2001-03-31,2000-2001,__export__.account_fiscalyear_234,685,5986,__export__.res_partner_1472,0,0,0
64,,2002-2003,__export__.account_fiscalyear_236,2005-10-10,2005-2006,__export__.account_fiscalyear_239,685,5986,__export__.res_partner_1472,0,0,0
65,,2004-2005,__export__.account_fiscalyear_238,2005-10-10,2005-2006,__export__.account_fiscalyear_239,685,5986,__export__.res_partner_1472,0,0,0
66,,2003-2004,__export__.account_fiscalyear_237,2005-10-10,2005-2006,__export__.account_fiscalyear_239,685,5986,__export__.res_partner_1472,0,0,0
67,1989-1999,1989-1999,,2001-02-01,2000-2001,__export__.account_fiscalyear_234,1240,5588,__export__.res_partner_3417,0,0,0
68,,2003-2004,__export__.account_fiscalyear_237,2005-03-09,2004-2005,__export__.account_fiscalyear_238,2960,3854,__export__.res_partner_2915,0,0,0
69,,2004-2005,__export__.account_fiscalyear_238,2006-04-12,2006-2007,__export__.account_fiscalyear_240,2960,3854,__export__.res_partner_2915,0,0,0
71,,2012-2013,__export__.account_fiscalyear_246,2013-07-12,2013-2014,__export__.account_fiscalyear_247,3087,3708,__export__.res_partner_7945,0,0,0
72,1986-1997,1986-1997,,2000-06-16,2000-2001,__export__.account_fiscalyear_234,3053,3704,__export__.res_partner_7017,0,0,0
73,,2004-2005,__export__.account_fiscalyear_238,2005-11-11,2005-2006,__export__.account_fiscalyear_239,3053,3704,__export__.res_partner_7017,0,0,0
74,1978-1999,1978-1999,,2001-03-31,2000-2001,__export__.account_fiscalyear_234,3030,3679,__export__.res_partner_3140,0,0,0
75,,2009-2010,__export__.account_fiscalyear_243,2013-07-23,2013-2014,__export__.account_fiscalyear_247,489,5997,__export__.res_partner_949,0,0,0
76,,2010-2011,__export__.account_fiscalyear_244,2013-07-23,2013-2014,__export__.account_fiscalyear_247,489,5997,__export__.res_partner_949,0,0,0
77,,2011-2012,__export__.account_fiscalyear_245,2013-07-23,2013-2014,__export__.account_fiscalyear_247,489,5997,__export__.res_partner_949,0,0,0
78,,2012-2013,__export__.account_fiscalyear_246,2013-07-19,2013-2014,__export__.account_fiscalyear_247,489,5997,__export__.res_partner_949,0,0,0
79,1978-1999,1978-1999,,2001-03-31,2000-2001,__export__.account_fiscalyear_234,3095,3671,__export__.res_partner_4149,0,0,0
80,1989-1998,1989-1998,,2001-03-31,2000-2001,__export__.account_fiscalyear_234,3015,3660,__export__.res_partner_1324,0,0,0
81,,2012-2013,__export__.account_fiscalyear_246,2013-09-24,2013-2014,__export__.account_fiscalyear_247,7863,5116,__export__.res_partner_3227,0,0,0
82,,2012-2013,__export__.account_fiscalyear_246,2013-09-03,2013-2014,__export__.account_fiscalyear_247,301,7200,__export__.res_partner_8394,0,0,0
83,,2006-2007,__export__.account_fiscalyear_240,2008-01-11,2007-2008,__export__.account_fiscalyear_241,3025,3674,__export__.res_partner_2858,0,0,0
84,,2011-2012,__export__.account_fiscalyear_245,2013-07-10,2013-2014,__export__.account_fiscalyear_247,3025,3674,__export__.res_partner_2858,0,0,0
85,,2012-2013,__export__.account_fiscalyear_246,2013-09-05,2013-2014,__export__.account_fiscalyear_247,3025,3674,__export__.res_partner_2858,0,0,0
86,,2011-2012,__export__.account_fiscalyear_245,2013-03-28,2012-2013,__export__.account_fiscalyear_246,7280,7301,__export__.res_partner_6309,0,0,0
87,,2010-2011,__export__.account_fiscalyear_244,2011-06-23,2011-2012,__export__.account_fiscalyear_245,511,6913,__export__.res_partner_1426,0,0,0
88,,2011-2012,__export__.account_fiscalyear_245,2012-07-30,2012-2013,__export__.account_fiscalyear_246,511,6913,__export__.res_partner_1426,0,0,0
89,,2012-2013,__export__.account_fiscalyear_246,2013-10-11,2013-2014,__export__.account_fiscalyear_247,511,6913,__export__.res_partner_1426,0,0,0
90,1990-1999,1990-1999,,2001-03-31,2000-2001,__export__.account_fiscalyear_234,1514,6008,__export__.res_partner_7897,0,0,0
91,1985-1999,1985-1999,,2001-03-31,2000-2001,__export__.account_fiscalyear_234,573,6000,__export__.res_partner_1112,0,0,0
92,1974-1998,1974-1998,,2001-01-07,2000-2001,__export__.account_fiscalyear_234,3049,3697,__export__.res_partner_1494,0,0,0
93,,2006-2007,__export__.account_fiscalyear_240,2007-11-29,2007-2008,__export__.account_fiscalyear_241,3049,3697,__export__.res_partner_1494,0,0,0
94,,2007-2008,__export__.account_fiscalyear_241,2009-03-01,2008-2009,__export__.account_fiscalyear_242,3049,3697,__export__.res_partner_1494,0,0,0
95,,2011-2012,__export__.account_fiscalyear_245,2013-11-04,2012-2013,__export__.account_fiscalyear_246,,#N/A,,0,0,0
96,,2012-2013,__export__.account_fiscalyear_246,2013-10-18,2013-2014,__export__.account_fiscalyear_247,3049,3697,__export__.res_partner_1494,0,0,0
97,,2011-2012,__export__.account_fiscalyear_245,2013-11-04,2012-2013,__export__.account_fiscalyear_246,3012,3678,__export__.res_partner_7526,0,0,0
98,,2012-2013,__export__.account_fiscalyear_246,2013-07-19,2013-2014,__export__.account_fiscalyear_247,3058,3703,__export__.res_partner_5753,0,0,0
99,,2011-2012,__export__.account_fiscalyear_245,2012-06-18,2012-2013,__export__.account_fiscalyear_246,1371,6018,__export__.res_partner_6144,0,0,0
100,1997-1999,1997-1999,,2001-03-01,2000-2001,__export__.account_fiscalyear_234,1568,6007,__export__.res_partner_7804,0,0,0
101,,2004-2005,__export__.account_fiscalyear_238,2006-01-25,2005-2006,__export__.account_fiscalyear_239,1188,6124,__export__.res_partner_4162,0,0,0
102,,2005-2006,__export__.account_fiscalyear_239,2006-08-26,2006-2007,__export__.account_fiscalyear_240,1188,6124,__export__.res_partner_4162,0,0,0
103,,2010-2011,__export__.account_fiscalyear_244,2011-09-14,2011-2012,__export__.account_fiscalyear_245,1924,4631,__export__.res_partner_6436,0,0,0
104,,2011-2012,__export__.account_fiscalyear_245,2012-12-06,2012-2013,__export__.account_fiscalyear_246,1924,4631,__export__.res_partner_6436,0,0,0
106,,2010-2011,__export__.account_fiscalyear_244,2011-09-14,2011-2012,__export__.account_fiscalyear_245,2905,3778,__export__.res_partner_6504,0,0,0
107,,2011-2012,__export__.account_fiscalyear_245,2012-11-26,2012-2013,__export__.account_fiscalyear_246,2905,3778,__export__.res_partner_6504,0,0,0
108,,2012-2013,__export__.account_fiscalyear_246,2013-09-04,2013-2014,__export__.account_fiscalyear_247,2906,3779,__export__.res_partner_1476,0,0,0
109,,2006-2007,__export__.account_fiscalyear_240,2008-03-01,2007-2008,__export__.account_fiscalyear_241,7277,7298,__export__.res_partner_7240,0,0,0
110,,2008-2009,__export__.account_fiscalyear_242,2009-12-31,2009-2010,__export__.account_fiscalyear_243,7277,7298,__export__.res_partner_7240,0,0,0
111,,1996-1997,__export__.account_fiscalyear_230,2001-03-31,2000-2001,__export__.account_fiscalyear_234,5287,3584,__export__.res_partner_2065,0,0,0
112,,2012-2013,__export__.account_fiscalyear_246,2013-10-03,2013-2014,__export__.account_fiscalyear_247,2905,3778,__export__.res_partner_6504,0,0,0
113,,2012-2013,__export__.account_fiscalyear_246,2013-07-15,2013-2014,__export__.account_fiscalyear_247,3508,3981,__export__.res_partner_2499,0,0,0
114,,2011-2012,__export__.account_fiscalyear_245,2012-07-28,2012-2013,__export__.account_fiscalyear_246,2972,3866,__export__.res_partner_6248,0,0,0
115,,2012-2013,__export__.account_fiscalyear_246,2013-12-21,2013-2014,__export__.account_fiscalyear_247,2972,3866,__export__.res_partner_6248,0,0,0
116,,2012-2013,__export__.account_fiscalyear_246,2013-09-24,2013-2014,__export__.account_fiscalyear_247,3021,3666,__export__.res_partner_2887,0,0,0
117,1991-1999,1991-1999,,2001-03-01,2000-2001,__export__.account_fiscalyear_234,3041,3688,__export__.res_partner_5054,0,0,0
118,,2010-2011,__export__.account_fiscalyear_244,2012-05-28,2012-2013,__export__.account_fiscalyear_246,2907,3780,__export__.res_partner_2812,0,0,0
119,,2011-2012,__export__.account_fiscalyear_245,2012-05-28,2012-2013,__export__.account_fiscalyear_246,2907,3780,__export__.res_partner_2812,0,0,0
120,,2012-2013,__export__.account_fiscalyear_246,2014-03-15,2013-2014,__export__.account_fiscalyear_247,2907,3780,__export__.res_partner_2812,0,0,0
121,,2003-2004,__export__.account_fiscalyear_237,2005-03-15,2004-2005,__export__.account_fiscalyear_238,3041,3688,__export__.res_partner_5054,0,0,0
122,,2004-2005,__export__.account_fiscalyear_238,2005-07-19,2005-2006,__export__.account_fiscalyear_239,3041,3688,__export__.res_partner_5054,0,0,0
124,,2010-2011,__export__.account_fiscalyear_244,2012-01-04,2011-2012,__export__.account_fiscalyear_245,2942,3835,__export__.res_partner_3640,0,0,0
125,,2003-2004,__export__.account_fiscalyear_237,2004-12-29,2004-2005,__export__.account_fiscalyear_238,3092,3738,__export__.res_partner_1416,0,0,0
126,,2009-2010,__export__.account_fiscalyear_243,2011-02-07,2010-2011,__export__.account_fiscalyear_244,3092,3738,__export__.res_partner_1416,0,0,0
127,,2010-2011,__export__.account_fiscalyear_244,2011-07-06,2011-2012,__export__.account_fiscalyear_245,1846,5113,__export__.res_partner_588,0,0,0
128,,2012-2013,__export__.account_fiscalyear_246,2013-08-12,2013-2014,__export__.account_fiscalyear_247,3047,3695,__export__.res_partner_5575,0,0,0
129,,2012-2013,__export__.account_fiscalyear_246,2013-08-02,2013-2014,__export__.account_fiscalyear_247,860,6909,__export__.res_partner_1089,0,0,0
130,,2009-2010,__export__.account_fiscalyear_243,2010-09-08,2010-2011,__export__.account_fiscalyear_244,629,6617,__export__.res_partner_6834,0,0,0
131,,2011-2012,__export__.account_fiscalyear_245,2013-11-04,2012-2013,__export__.account_fiscalyear_246,619,6911,__export__.res_partner_7040,0,0,0
132,,2010-2011,__export__.account_fiscalyear_244,2011-05-20,2011-2012,__export__.account_fiscalyear_245,583,6709,__export__.res_partner_2670,0,0,0
133,,1998-1999,__export__.account_fiscalyear_232,2006-05-01,2006-2007,__export__.account_fiscalyear_240,6618,3709,__export__.res_partner_2160,0,0,0
134,,1999-2000,__export__.account_fiscalyear_233,2006-05-31,2006-2007,__export__.account_fiscalyear_240,6618,3709,__export__.res_partner_2160,0,0,0
135,,2000-2001,__export__.account_fiscalyear_234,2006-05-31,2006-2007,__export__.account_fiscalyear_240,6618,3709,__export__.res_partner_2160,0,0,0
136,,2001-2002,__export__.account_fiscalyear_235,2006-05-31,2006-2007,__export__.account_fiscalyear_240,6618,3709,__export__.res_partner_2160,0,0,0
137,,2002-2003,__export__.account_fiscalyear_236,2006-05-31,2006-2007,__export__.account_fiscalyear_240,6618,3709,__export__.res_partner_2160,0,0,0
138,,2003-2004,__export__.account_fiscalyear_237,2006-05-31,2006-2007,__export__.account_fiscalyear_240,6618,3709,__export__.res_partner_2160,0,0,0
139,,2004-2005,__export__.account_fiscalyear_238,2006-05-31,2006-2007,__export__.account_fiscalyear_240,6618,3709,__export__.res_partner_2160,0,0,0
140,,2005-2006,__export__.account_fiscalyear_239,2007-11-21,2007-2008,__export__.account_fiscalyear_241,6618,3709,__export__.res_partner_2160,0,0,0
141,,2006-2007,__export__.account_fiscalyear_240,2007-11-23,2007-2008,__export__.account_fiscalyear_241,6618,3709,__export__.res_partner_2160,0,0,0
142,,2007-2008,__export__.account_fiscalyear_241,2009-04-13,2009-2010,__export__.account_fiscalyear_243,6618,3709,__export__.res_partner_2160,0,0,0
143,,2009-2010,__export__.account_fiscalyear_243,2010-01-27,2009-2010,__export__.account_fiscalyear_243,6618,3709,__export__.res_partner_2160,0,0,0
144,,2010-2011,__export__.account_fiscalyear_244,2011-07-27,2011-2012,__export__.account_fiscalyear_245,3098,3739,__export__.res_partner_3239,0,0,0
145,1960-1999,1960-1999,,2001-01-30,2000-2001,__export__.account_fiscalyear_234,3091,3737,__export__.res_partner_4450,0,0,0
146,,2011-2012,__export__.account_fiscalyear_245,2013-09-03,2012-2013,__export__.account_fiscalyear_246,3099,3740,__export__.res_partner_6732,0,0,0
147,1977-1999,1977-1999,,2001-03-01,2000-2001,__export__.account_fiscalyear_234,581,5982,__export__.res_partner_3889,0,0,0
148,1984-1999,1984-1999,,2001-03-31,2000-2001,__export__.account_fiscalyear_234,1736,4635,__export__.res_partner_6595,0,0,0
149,,2010-2011,__export__.account_fiscalyear_244,2011-08-19,2011-2012,__export__.account_fiscalyear_245,3060,3706,__export__.res_partner_4601,0,0,0
150,,2009-2010,__export__.account_fiscalyear_243,2010-05-10,2010-2011,__export__.account_fiscalyear_244,398,1003706,,0,0,0
151,1978-1989,1978-1989,,2001-03-31,2000-2001,__export__.account_fiscalyear_234,3094,3670,__export__.res_partner_6559,0,0,0
152,,2012-2013,__export__.account_fiscalyear_246,2013-12-27,2013-2014,__export__.account_fiscalyear_247,398,1003706,,0,0,0
153,1978-1999,1978-1999,,2001-03-31,2000-2001,__export__.account_fiscalyear_234,3056,3701,__export__.res_partner_6287,0,0,0
154,1977-1999,1977-1999,,2001-03-01,2000-2001,__export__.account_fiscalyear_234,1526,5790,__export__.res_partner_4817,0,0,0
155,,1997-1998,__export__.account_fiscalyear_231,2001-03-31,2000-2001,__export__.account_fiscalyear_234,3046,3693,__export__.res_partner_4562,0,0,0
156,,2009-2010,__export__.account_fiscalyear_243,2013-08-16,2013-2014,__export__.account_fiscalyear_247,2904,3777,__export__.res_partner_5127,0,0,0
157,,2010-2011,__export__.account_fiscalyear_244,2013-08-16,2013-2014,__export__.account_fiscalyear_247,2904,3777,__export__.res_partner_5127,0,0,0
158,,2011-2012,__export__.account_fiscalyear_245,2013-08-16,2013-2014,__export__.account_fiscalyear_247,2904,3777,__export__.res_partner_5127,0,0,0
159,1997-1999,1997-1999,,2001-03-31,2000-2001,__export__.account_fiscalyear_234,1062,6883,__export__.res_partner_347,0,0,0
160,1996-1999,1996-1999,,2001-03-31,2000-2001,__export__.account_fiscalyear_234,2928,3816,__export__.res_partner_4845,0,0,0
161,1997-1999,1997-1999,,2001-03-31,2000-2001,__export__.account_fiscalyear_234,1177,6881,__export__.res_partner_1629,0,0,0
162,,2011-2012,__export__.account_fiscalyear_245,2013-12-12,2013-2014,__export__.account_fiscalyear_247,4905,3572,__export__.res_partner_3364,0,0,0
163,,2012-2013,__export__.account_fiscalyear_246,2014-03-31,2013-2014,__export__.account_fiscalyear_247,4905,3572,__export__.res_partner_3364,0,0,0
167,,2009-2010,__export__.account_fiscalyear_243,2011-12-23,2011-2012,__export__.account_fiscalyear_245,7269,3606,__export__.res_partner_4324,0,0,0
168,,2010-2011,__export__.account_fiscalyear_244,2011-12-23,2011-2012,__export__.account_fiscalyear_245,7269,3606,__export__.res_partner_4324,0,0,0
169,,2008-2009,__export__.account_fiscalyear_242,2012-02-23,2011-2012,__export__.account_fiscalyear_245,7269,3606,__export__.res_partner_4324,0,0,0
170,,2012-2013,__export__.account_fiscalyear_246,2014-03-28,2013-2014,__export__.account_fiscalyear_247,7269,3606,__export__.res_partner_4324,0,0,0
172,,2000-2001,__export__.account_fiscalyear_234,2001-11-09,2001-2002,__export__.account_fiscalyear_235,2969,3864,__export__.res_partner_6383,0,0,0
179,,2012-2013,__export__.account_fiscalyear_246,2013-11-08,2013-2014,__export__.account_fiscalyear_247,6957,3624,__export__.res_partner_6396,0,0,0
181,,2011-2012,__export__.account_fiscalyear_245,2013-01-10,2012-2013,__export__.account_fiscalyear_246,5518,3587,__export__.res_partner_7542,0,0,0
182,,2012-2013,__export__.account_fiscalyear_246,2014-02-20,2013-2014,__export__.account_fiscalyear_247,5518,3587,__export__.res_partner_7542,0,0,0
183,,2012-2013,__export__.account_fiscalyear_246,2013-08-16,2013-2014,__export__.account_fiscalyear_247,6276,3943,__export__.res_partner_7214,0,0,0
184,,2011-2012,__export__.account_fiscalyear_245,2013-08-14,2013-2014,__export__.account_fiscalyear_247,7188,3646,__export__.res_partner_1789,0,0,0
185,,2012-2013,__export__.account_fiscalyear_246,2013-08-14,2013-2014,__export__.account_fiscalyear_247,7188,3646,__export__.res_partner_1789,0,0,0
186,1983-1999,1983-1999,,2000-12-09,2000-2001,__export__.account_fiscalyear_234,3013,3658,__export__.res_partner_5814,0,0,0
187,,2002-2003,__export__.account_fiscalyear_236,2004-05-28,2004-2005,__export__.account_fiscalyear_238,3013,3658,__export__.res_partner_5814,0,0,0
188,,2005-2006,__export__.account_fiscalyear_239,2006-12-30,2006-2007,__export__.account_fiscalyear_240,3013,3658,__export__.res_partner_5814,0,0,0
189,,2006-2007,__export__.account_fiscalyear_240,2007-11-23,2007-2008,__export__.account_fiscalyear_241,3013,3658,__export__.res_partner_5814,0,0,0
190,,2007-2008,__export__.account_fiscalyear_241,2009-03-25,2008-2009,__export__.account_fiscalyear_242,3013,3658,__export__.res_partner_5814,0,0,0
191,,2009-2010,__export__.account_fiscalyear_243,2010-07-24,2010-2011,__export__.account_fiscalyear_244,3013,3658,__export__.res_partner_5814,0,0,0
192,,2010-2011,__export__.account_fiscalyear_244,2012-03-30,2011-2012,__export__.account_fiscalyear_245,3013,3658,__export__.res_partner_5814,0,0,0
193,,2008-2009,__export__.account_fiscalyear_242,2009-10-12,2009-2010,__export__.account_fiscalyear_243,3013,3658,__export__.res_partner_5814,0,0,0
194,,2007-2008,__export__.account_fiscalyear_241,2009-03-18,2008-2009,__export__.account_fiscalyear_242,6687,3649,__export__.res_partner_5462,0,0,0
195,,2008-2009,__export__.account_fiscalyear_242,2009-09-08,2009-2010,__export__.account_fiscalyear_243,6687,3649,__export__.res_partner_5462,0,0,0
196,,2009-2010,__export__.account_fiscalyear_243,2010-09-30,2010-2011,__export__.account_fiscalyear_244,6687,3649,__export__.res_partner_5462,0,0,0
197,,2011-2012,__export__.account_fiscalyear_245,2012-08-08,2012-2013,__export__.account_fiscalyear_246,6687,3649,__export__.res_partner_5462,0,0,0
198,,2012-2013,__export__.account_fiscalyear_246,2013-08-14,2013-2014,__export__.account_fiscalyear_247,7061,4155,__export__.res_partner_678,0,0,0
199,1980-1999,1980-1999,,2000-06-13,2000-2001,__export__.account_fiscalyear_234,7233,3644,__export__.res_partner_214,0,0,0
200,,2011-2012,__export__.account_fiscalyear_245,2012-11-19,2012-2013,__export__.account_fiscalyear_246,7233,3644,__export__.res_partner_214,0,0,0
201,1981-1999,1981-1999,,2000-07-04,2000-2001,__export__.account_fiscalyear_234,3360,4017,__export__.res_partner_510,0,0,0
202,,2012-2013,__export__.account_fiscalyear_246,2013-07-27,2013-2014,__export__.account_fiscalyear_247,6687,3649,__export__.res_partner_5462,0,0,0
204,,2012-2013,__export__.account_fiscalyear_246,2013-08-20,2013-2014,__export__.account_fiscalyear_247,2840,4160,__export__.res_partner_7634,0,0,0
205,,2012-2013,__export__.account_fiscalyear_246,2013-07-23,2013-2014,__export__.account_fiscalyear_247,7752,7773,__export__.res_partner_7104,0,0,0
206,,2011-2012,__export__.account_fiscalyear_245,2012-04-12,2012-2013,__export__.account_fiscalyear_246,3014,3659,__export__.res_partner_3681,0,0,0
207,,2012-2013,__export__.account_fiscalyear_246,2013-07-10,2013-2014,__export__.account_fiscalyear_247,3014,3659,__export__.res_partner_3681,0,0,0
208,,1982-1983,__export__.account_fiscalyear_548,2000-12-19,2000-2001,__export__.account_fiscalyear_234,7171,4006,__export__.res_partner_8018,0,0,0
209,,2000-2001,__export__.account_fiscalyear_234,2001-11-29,2001-2002,__export__.account_fiscalyear_235,6628,4016,__export__.res_partner_8516,0,0,0
210,,2010-2011,__export__.account_fiscalyear_244,2011-10-03,2011-2012,__export__.account_fiscalyear_245,6628,4016,__export__.res_partner_8516,0,0,0
211,,2011-2012,__export__.account_fiscalyear_245,2012-12-10,2012-2013,__export__.account_fiscalyear_246,6628,4016,__export__.res_partner_8516,0,0,0
212,,2009-2010,__export__.account_fiscalyear_243,2010-07-27,2010-2011,__export__.account_fiscalyear_244,5967,4059,__export__.res_partner_1293,0,0,0
213,,2011-2012,__export__.account_fiscalyear_245,2012-04-23,2012-2013,__export__.account_fiscalyear_246,5967,4059,__export__.res_partner_1293,0,0,0
214,,2009-2010,__export__.account_fiscalyear_243,2010-07-24,2010-2011,__export__.account_fiscalyear_244,2971,4056,__export__.res_partner_1977,0,0,0
215,,2012-2013,__export__.account_fiscalyear_246,2013-07-29,2013-2014,__export__.account_fiscalyear_247,3001,3652,__export__.res_partner_2300,0,0,0
216,,2010-2011,__export__.account_fiscalyear_244,2011-09-17,2011-2012,__export__.account_fiscalyear_245,3003,3654,__export__.res_partner_3962,0,0,0
217,,2010-2011,__export__.account_fiscalyear_244,2011-12-15,2011-2012,__export__.account_fiscalyear_245,5389,3925,__export__.res_partner_3935,0,0,0
218,,2011-2012,__export__.account_fiscalyear_245,2012-08-23,2012-2013,__export__.account_fiscalyear_246,5389,3925,__export__.res_partner_3935,0,0,0
219,,2012-2013,__export__.account_fiscalyear_246,2013-07-29,2013-2014,__export__.account_fiscalyear_247,5389,3925,__export__.res_partner_3935,0,0,0
220,,1991-1992,__export__.account_fiscalyear_557,2000-10-01,2000-2001,__export__.account_fiscalyear_234,7098,3650,__export__.res_partner_2941,0,0,0
221,,2012-2013,__export__.account_fiscalyear_246,2013-07-27,2013-2014,__export__.account_fiscalyear_247,6940,3647,__export__.res_partner_4884,0,0,0
222,,2012-2013,__export__.account_fiscalyear_246,2013-07-09,2013-2014,__export__.account_fiscalyear_247,1906,5462,__export__.res_partner_274,0,0,0
223,,2011-2012,__export__.account_fiscalyear_245,2012-08-21,2012-2013,__export__.account_fiscalyear_246,1960,5700,__export__.res_partner_8282,0,0,0
224,,1992-1993,__export__.account_fiscalyear_558,2000-03-24,1999-2000,__export__.account_fiscalyear_233,363,6321,__export__.res_partner_2785,0,0,0
225,,2012-2013,__export__.account_fiscalyear_246,2013-07-11,2013-2014,__export__.account_fiscalyear_247,363,6321,__export__.res_partner_2785,0,0,0
226,,2012-2013,__export__.account_fiscalyear_246,2013-07-20,2013-2014,__export__.account_fiscalyear_247,6808,3643,__export__.res_partner_3538,0,0,0
227,,2010-2011,__export__.account_fiscalyear_244,2012-02-21,2011-2012,__export__.account_fiscalyear_245,6668,4013,__export__.res_partner_5087,0,0,0
228,,2012-2013,__export__.account_fiscalyear_246,2013-07-27,2013-2014,__export__.account_fiscalyear_247,6668,4013,__export__.res_partner_5087,0,0,0
229,1988-1999,1988-1999,,2001-03-31,2000-2001,__export__.account_fiscalyear_234,7132,3640,__export__.res_partner_2478,0,0,0
230,,2005-2006,__export__.account_fiscalyear_239,2007-03-20,2006-2007,__export__.account_fiscalyear_240,7164,3637,__export__.res_partner_7855,0,0,0
231,1988-2000,1988-2000,,2001-03-31,2000-2001,__export__.account_fiscalyear_234,7132,3640,__export__.res_partner_2478,0,0,0
232,,2004-2005,__export__.account_fiscalyear_238,2005-07-28,2005-2006,__export__.account_fiscalyear_239,7132,3640,__export__.res_partner_2478,0,0,0
233,,2007-2008,__export__.account_fiscalyear_241,2009-08-10,2009-2010,__export__.account_fiscalyear_243,7164,3637,__export__.res_partner_7855,0,0,0
234,,2008-2009,__export__.account_fiscalyear_242,2009-08-10,2009-2010,__export__.account_fiscalyear_243,7164,3637,__export__.res_partner_7855,0,0,0
235,,2009-2010,__export__.account_fiscalyear_243,2010-07-27,2010-2011,__export__.account_fiscalyear_244,7164,3637,__export__.res_partner_7855,0,0,0
236,,2010-2011,__export__.account_fiscalyear_244,2011-01-13,2010-2011,__export__.account_fiscalyear_244,7164,3637,__export__.res_partner_7855,0,0,0
237,,2007-2008,__export__.account_fiscalyear_241,2009-03-24,2008-2009,__export__.account_fiscalyear_242,7155,4005,__export__.res_partner_7735,0,0,0
238,,2011-2012,__export__.account_fiscalyear_245,2012-11-05,2012-2013,__export__.account_fiscalyear_246,7164,3637,__export__.res_partner_7855,0,0,0
239,,2012-2013,__export__.account_fiscalyear_246,2013-10-30,2013-2014,__export__.account_fiscalyear_247,7884,1102492,,0,0,0
240,,2012-2013,__export__.account_fiscalyear_246,2013-08-16,2013-2014,__export__.account_fiscalyear_247,7251,3631,__export__.res_partner_910,0,0,0
243,,2011-2012,__export__.account_fiscalyear_245,2012-08-27,2012-2013,__export__.account_fiscalyear_246,6671,3627,__export__.res_partner_5184,0,0,0
244,,2008-2009,__export__.account_fiscalyear_242,2010-01-12,2009-2010,__export__.account_fiscalyear_243,7155,4005,__export__.res_partner_7735,0,0,0
245,,2012-2013,__export__.account_fiscalyear_246,2013-10-30,2013-2014,__export__.account_fiscalyear_247,6671,3627,__export__.res_partner_5184,0,0,0
246,,2004-2005,__export__.account_fiscalyear_238,2005-08-09,2005-2006,__export__.account_fiscalyear_239,7264,3632,__export__.res_partner_5117,0,0,0
247,,2005-2006,__export__.account_fiscalyear_239,2007-01-31,2006-2007,__export__.account_fiscalyear_240,7264,3632,__export__.res_partner_5117,0,0,0
248,,2006-2007,__export__.account_fiscalyear_240,2007-10-31,2007-2008,__export__.account_fiscalyear_241,7264,3632,__export__.res_partner_5117,0,0,0
249,,2012-2013,__export__.account_fiscalyear_246,2013-08-30,2013-2014,__export__.account_fiscalyear_247,7264,3632,__export__.res_partner_5117,0,0,0
250,,2006-2007,__export__.account_fiscalyear_240,2007-11-13,2007-2008,__export__.account_fiscalyear_241,1346,6119,__export__.res_partner_782,0,0,0
251,,2008-2009,__export__.account_fiscalyear_242,2009-11-21,2009-2010,__export__.account_fiscalyear_243,1346,6119,__export__.res_partner_782,0,0,0
252,,2009-2010,__export__.account_fiscalyear_243,2010-08-27,2010-2011,__export__.account_fiscalyear_244,1346,6119,__export__.res_partner_782,0,0,0
253,,2010-2011,__export__.account_fiscalyear_244,2011-10-13,2011-2012,__export__.account_fiscalyear_245,1346,6119,__export__.res_partner_782,0,0,0
254,,2011-2012,__export__.account_fiscalyear_245,2012-12-15,2012-2013,__export__.account_fiscalyear_246,1346,6119,__export__.res_partner_782,0,0,0
256,1995-1999,1995-1999,,2000-08-19,2000-2001,__export__.account_fiscalyear_234,1186,6132,__export__.res_partner_154,0,0,0
257,1995-1998,1995-1998,,2001-03-31,2000-2001,__export__.account_fiscalyear_234,1330,6115,__export__.res_partner_1378,0,0,0
258,,2012-2013,__export__.account_fiscalyear_246,2013-07-19,2013-2014,__export__.account_fiscalyear_247,7123,3604,__export__.res_partner_8429,0,0,0
259,,2012-2013,__export__.account_fiscalyear_246,2013-08-19,2013-2014,__export__.account_fiscalyear_247,6113,3905,__export__.res_partner_4637,0,0,0
260,,2010-2011,__export__.account_fiscalyear_244,2012-02-08,2011-2012,__export__.account_fiscalyear_245,6607,3610,__export__.res_partner_1341,0,0,0
261,,2011-2012,__export__.account_fiscalyear_245,2012-11-15,2012-2013,__export__.account_fiscalyear_246,6607,3610,__export__.res_partner_1341,0,0,0
263,,1998-1999,__export__.account_fiscalyear_232,2001-03-01,2000-2001,__export__.account_fiscalyear_234,3154,3878,__export__.res_partner_3532,0,0,0
264,,2012-2013,__export__.account_fiscalyear_246,2013-10-23,2013-2014,__export__.account_fiscalyear_247,7701,7722,__export__.res_partner_6664,0,0,0
265,,2012-2013,__export__.account_fiscalyear_246,2013-07-11,2013-2014,__export__.account_fiscalyear_247,7246,3608,__export__.res_partner_6393,0,0,0
266,,2012-2013,__export__.account_fiscalyear_246,2013-08-26,2013-2014,__export__.account_fiscalyear_247,7174,3619,__export__.res_partner_2881,0,0,0
267,,2011-2012,__export__.account_fiscalyear_245,2012-12-04,2012-2013,__export__.account_fiscalyear_246,2417,4675,__export__.res_partner_1256,0,0,0
268,,2012-2013,__export__.account_fiscalyear_246,2013-08-20,2013-2014,__export__.account_fiscalyear_247,2417,4675,__export__.res_partner_1256,0,0,0
269,,2009-2010,__export__.account_fiscalyear_243,2010-01-22,2010-2011,__export__.account_fiscalyear_244,2945,3839,__export__.res_partner_630,0,0,0
270,,2009-2010,__export__.account_fiscalyear_243,2011-12-30,2010-2011,__export__.account_fiscalyear_244,2945,3839,__export__.res_partner_630,0,0,0
271,,2011-2012,__export__.account_fiscalyear_245,2012-09-12,2012-2013,__export__.account_fiscalyear_246,2945,3839,__export__.res_partner_630,0,0,0
272,,2012-2013,__export__.account_fiscalyear_246,2013-08-14,2013-2014,__export__.account_fiscalyear_247,2945,3839,__export__.res_partner_630,0,0,0
273,,2002-2003,__export__.account_fiscalyear_236,2004-10-25,2004-2005,__export__.account_fiscalyear_238,275,7198,__export__.res_partner_52,0,0,0
274,,2012-2013,__export__.account_fiscalyear_246,2013-09-28,2013-2014,__export__.account_fiscalyear_247,275,7198,__export__.res_partner_52,0,0,0
275,,2012-2013,__export__.account_fiscalyear_246,2013-10-30,2013-2014,__export__.account_fiscalyear_247,2837,4154,__export__.res_partner_7938,0,0,0
276,,2007-2008,__export__.account_fiscalyear_241,2008-10-28,2008-2009,__export__.account_fiscalyear_242,3184,3900,__export__.res_partner_5677,0,0,0
277,,2008-2009,__export__.account_fiscalyear_242,2009-05-14,2009-2010,__export__.account_fiscalyear_243,3184,3900,__export__.res_partner_5677,0,0,0
278,,2009-2010,__export__.account_fiscalyear_243,2010-08-27,2010-2011,__export__.account_fiscalyear_244,3184,3900,__export__.res_partner_5677,0,0,0
279,,2010-2011,__export__.account_fiscalyear_244,2011-09-16,2011-2012,__export__.account_fiscalyear_245,3184,3900,__export__.res_partner_5677,0,0,0
280,,2011-2012,__export__.account_fiscalyear_245,2012-09-07,2012-2013,__export__.account_fiscalyear_246,3184,3900,__export__.res_partner_5677,0,0,0
281,,2012-2013,__export__.account_fiscalyear_246,2013-08-02,2013-2014,__export__.account_fiscalyear_247,3184,3900,__export__.res_partner_5677,0,0,0
282,,2011-2012,__export__.account_fiscalyear_245,2012-07-26,2012-2013,__export__.account_fiscalyear_246,4844,4232,__export__.res_partner_5395,0,0,0
283,,2012-2013,__export__.account_fiscalyear_246,2013-07-27,2013-2014,__export__.account_fiscalyear_247,4844,4232,__export__.res_partner_5395,0,0,0
284,,1998-1999,__export__.account_fiscalyear_232,2000-12-20,2000-2001,__export__.account_fiscalyear_234,5474,3597,__export__.res_partner_4584,0,0,0
285,,2008-2009,__export__.account_fiscalyear_242,2009-11-17,2009-2010,__export__.account_fiscalyear_243,5051,4209,__export__.res_partner_7184,0,0,0
286,,2009-2010,__export__.account_fiscalyear_243,2010-07-28,2010-2011,__export__.account_fiscalyear_244,5051,4209,__export__.res_partner_7184,0,0,0
287,,2009-2010,__export__.account_fiscalyear_243,2010-12-27,2010-2011,__export__.account_fiscalyear_244,2909,3784,__export__.res_partner_6498,0,0,0
288,,2010-2011,__export__.account_fiscalyear_244,2011-10-11,2011-2012,__export__.account_fiscalyear_245,2909,3784,__export__.res_partner_6498,0,0,0
289,,2012-2013,__export__.account_fiscalyear_246,2013-07-27,2013-2014,__export__.account_fiscalyear_247,5589,3596,__export__.res_partner_1746,0,0,0
290,,2012-2013,__export__.account_fiscalyear_246,2013-07-20,2013-2014,__export__.account_fiscalyear_247,1209,6137,__export__.res_partner_2476,0,0,0
291,,2011-2012,__export__.account_fiscalyear_245,2012-11-26,2012-2013,__export__.account_fiscalyear_246,5470,3580,__export__.res_partner_6953,0,0,0
292,,2012-2013,__export__.account_fiscalyear_246,2013-10-18,2013-2014,__export__.account_fiscalyear_247,5470,3580,__export__.res_partner_6953,0,0,0
293,,2009-2010,__export__.account_fiscalyear_243,2010-07-21,2010-2011,__export__.account_fiscalyear_244,5588,3586,__export__.res_partner_1181,0,0,0
294,,2010-2011,__export__.account_fiscalyear_244,2011-09-16,2011-2012,__export__.account_fiscalyear_245,5588,3586,__export__.res_partner_1181,0,0,0
295,,2010-2011,__export__.account_fiscalyear_244,2011-11-23,2011-2012,__export__.account_fiscalyear_245,7255,3622,__export__.res_partner_7497,0,0,0
296,,2009-2010,__export__.account_fiscalyear_243,2012-01-13,2011-2012,__export__.account_fiscalyear_245,7255,3622,__export__.res_partner_7497,0,0,0
297,,2011-2012,__export__.account_fiscalyear_245,2012-12-22,2012-2013,__export__.account_fiscalyear_246,7255,3622,__export__.res_partner_7497,0,0,0
298,,2009-2010,__export__.account_fiscalyear_243,2010-12-03,2010-2011,__export__.account_fiscalyear_244,5666,3595,__export__.res_partner_4567,0,0,0
299,,2010-2011,__export__.account_fiscalyear_244,2011-09-14,2011-2012,__export__.account_fiscalyear_245,5666,3595,__export__.res_partner_4567,0,0,0
300,,2012-2013,__export__.account_fiscalyear_246,2013-11-05,2013-2014,__export__.account_fiscalyear_247,5666,3595,__export__.res_partner_4567,0,0,0
301,,2006-2007,__export__.account_fiscalyear_240,2007-07-02,2007-2008,__export__.account_fiscalyear_241,7252,3809,__export__.res_partner_505,0,0,0
302,,2008-2009,__export__.account_fiscalyear_242,2010-01-06,2009-2010,__export__.account_fiscalyear_243,7252,3809,__export__.res_partner_505,0,0,0
303,,2010-2011,__export__.account_fiscalyear_244,2012-03-09,2011-2012,__export__.account_fiscalyear_245,7252,3809,__export__.res_partner_505,0,0,0
304,,2010-2011,__export__.account_fiscalyear_244,2011-09-14,2011-2012,__export__.account_fiscalyear_245,1103,6966,__export__.res_partner_6776,0,0,0
305,,2011-2012,__export__.account_fiscalyear_245,2012-08-07,2012-2013,__export__.account_fiscalyear_246,1103,6966,__export__.res_partner_6776,0,0,0
306,,2012-2013,__export__.account_fiscalyear_246,2013-07-19,2013-2014,__export__.account_fiscalyear_247,1103,6966,__export__.res_partner_6776,0,0,0
307,,1998-1999,__export__.account_fiscalyear_232,2001-01-15,2000-2001,__export__.account_fiscalyear_234,5392,3589,__export__.res_partner_3502,0,0,0
308,,2000-2001,__export__.account_fiscalyear_234,2001-12-12,2001-2002,__export__.account_fiscalyear_235,5392,3589,__export__.res_partner_3502,0,0,0
309,,2007-2008,__export__.account_fiscalyear_241,2010-01-29,2009-2010,__export__.account_fiscalyear_243,5417,3575,__export__.res_partner_948,0,0,0
310,,2008-2009,__export__.account_fiscalyear_242,2010-01-29,2009-2010,__export__.account_fiscalyear_243,5417,3575,__export__.res_partner_948,0,0,0
311,,2009-2010,__export__.account_fiscalyear_243,2012-03-30,2010-2011,__export__.account_fiscalyear_244,5417,3575,__export__.res_partner_948,0,0,0
312,,2010-2011,__export__.account_fiscalyear_244,2012-03-30,2011-2012,__export__.account_fiscalyear_245,5417,3575,__export__.res_partner_948,0,0,0
313,,2011-2012,__export__.account_fiscalyear_245,2012-05-10,2012-2013,__export__.account_fiscalyear_246,5417,3575,__export__.res_partner_948,0,0,0
314,,2012-2013,__export__.account_fiscalyear_246,2013-07-27,2013-2014,__export__.account_fiscalyear_247,5417,3575,__export__.res_partner_948,0,0,0
315,1994-1999,1994-1999,,2001-03-31,2000-2001,__export__.account_fiscalyear_234,1286,6088,__export__.res_partner_4812,0,0,0
316,,1999-2000,__export__.account_fiscalyear_233,2001-06-08,2001-2002,__export__.account_fiscalyear_235,1286,6088,__export__.res_partner_4812,0,0,0
317,,2001-2002,__export__.account_fiscalyear_235,2003-01-21,2002-2003,__export__.account_fiscalyear_236,1286,6088,__export__.res_partner_4812,0,0,0
318,,1998-1999,__export__.account_fiscalyear_232,2000-07-28,2000-2001,__export__.account_fiscalyear_234,564,5996,__export__.res_partner_533,0,0,0
319,,2000-2001,__export__.account_fiscalyear_234,2002-03-31,2001-2002,__export__.account_fiscalyear_235,924,6285,__export__.res_partner_5537,0,0,0
320,,2012-2013,__export__.account_fiscalyear_246,2013-08-02,2013-2014,__export__.account_fiscalyear_247,7801,7820,__export__.res_partner_4277,0,0,0
321,,2011-2012,__export__.account_fiscalyear_245,2012-10-10,2012-2013,__export__.account_fiscalyear_246,2253,5630,__export__.res_partner_6825,0,0,0
322,,2012-2013,__export__.account_fiscalyear_246,2013-08-19,2013-2014,__export__.account_fiscalyear_247,2253,5630,__export__.res_partner_6825,0,0,0
323,,2012-2013,__export__.account_fiscalyear_246,2013-07-19,2013-2014,__export__.account_fiscalyear_247,8041,8136,__export__.res_partner_2477,0,0,0
324,,2010-2011,__export__.account_fiscalyear_244,2011-10-04,2011-2012,__export__.account_fiscalyear_245,3039,3710,__export__.res_partner_4460,0,0,0
325,1977-1999,1977-1999,,2001-03-31,2000-2001,__export__.account_fiscalyear_234,3368,3765,__export__.res_partner_5823,0,0,0
327,,2006-2007,__export__.account_fiscalyear_240,2008-01-21,2007-2008,__export__.account_fiscalyear_241,372,6781,__export__.res_partner_7807,0,0,0
328,,2011-2012,__export__.account_fiscalyear_245,2012-12-18,2012-2013,__export__.account_fiscalyear_246,3368,3765,__export__.res_partner_5823,0,0,0
329,,2010-2011,__export__.account_fiscalyear_244,2012-01-16,2011-2012,__export__.account_fiscalyear_245,372,6781,__export__.res_partner_7807,0,0,0
330,,2012-2013,__export__.account_fiscalyear_246,2013-12-13,2013-2014,__export__.account_fiscalyear_247,3368,3765,__export__.res_partner_5823,0,0,0
331,,2012-2013,__export__.account_fiscalyear_246,2013-10-31,2013-2014,__export__.account_fiscalyear_247,372,6781,__export__.res_partner_7807,0,0,0
332,1977-1999,1977-1999,,2001-03-31,2000-2001,__export__.account_fiscalyear_234,612,5995,__export__.res_partner_3580,0,0,0
333,,2010-2011,__export__.account_fiscalyear_244,2013-08-14,2013-2014,__export__.account_fiscalyear_247,457,5976,__export__.res_partner_7682,0,0,0
334,,2011-2012,__export__.account_fiscalyear_245,2013-08-14,2013-2014,__export__.account_fiscalyear_247,457,5976,__export__.res_partner_7682,0,0,0
335,,2012-2013,__export__.account_fiscalyear_246,2013-08-14,2013-2014,__export__.account_fiscalyear_247,457,5976,__export__.res_partner_7682,0,0,0
336,1977-1999,1977-1999,,2001-03-31,2000-2001,__export__.account_fiscalyear_234,5495,3525,__export__.res_partner_2646,0,0,0
337,,2011-2012,__export__.account_fiscalyear_245,2013-06-05,2013-2014,__export__.account_fiscalyear_247,2859,4210,__export__.res_partner_6905,0,0,0
338,,2005-2006,__export__.account_fiscalyear_239,2007-08-20,2007-2008,__export__.account_fiscalyear_241,4815,4189,__export__.res_partner_4733,0,0,0
339,1983-1999,1983-1999,,2001-03-31,2000-2001,__export__.account_fiscalyear_234,2480,4720,__export__.res_partner_1512,0,0,0
340,,2002-2003,__export__.account_fiscalyear_236,2004-04-01,2004-2005,__export__.account_fiscalyear_238,2480,4720,__export__.res_partner_1512,0,0,0
341,,2003-2004,__export__.account_fiscalyear_237,2004-12-14,2004-2005,__export__.account_fiscalyear_238,2480,4720,__export__.res_partner_1512,0,0,0
342,,2006-2007,__export__.account_fiscalyear_240,2007-08-20,2007-2008,__export__.account_fiscalyear_241,4815,4189,__export__.res_partner_4733,0,0,0
343,,2005-2006,__export__.account_fiscalyear_239,2006-07-03,2006-2007,__export__.account_fiscalyear_240,2480,4720,__export__.res_partner_1512,0,0,0
344,,2006-2007,__export__.account_fiscalyear_240,2007-12-28,2007-2008,__export__.account_fiscalyear_241,2480,4720,__export__.res_partner_1512,0,0,0
345,,2007-2008,__export__.account_fiscalyear_241,2009-08-25,2009-2010,__export__.account_fiscalyear_243,2480,4720,__export__.res_partner_1512,0,0,0
346,,2012-2013,__export__.account_fiscalyear_246,2013-09-24,2013-2014,__export__.account_fiscalyear_247,4815,4189,__export__.res_partner_4733,0,0,0
347,1977-1999,1977-1999,,2000-06-14,2000-2001,__export__.account_fiscalyear_234,5533,3520,__export__.res_partner_3421,0,0,0
348,,2010-2011,__export__.account_fiscalyear_244,2011-11-29,2011-2012,__export__.account_fiscalyear_245,7876,1022492,,0,0,0
349,,1998-1999,__export__.account_fiscalyear_232,2001-03-01,2000-2001,__export__.account_fiscalyear_234,5233,3427,__export__.res_partner_6447,0,0,0
354,,2000-2001,__export__.account_fiscalyear_234,2001-11-28,2001-2002,__export__.account_fiscalyear_235,5233,3427,__export__.res_partner_6447,0,0,0
355,,2005-2006,__export__.account_fiscalyear_239,2007-04-07,2007-2008,__export__.account_fiscalyear_241,2964,4052,__export__.res_partner_861,0,0,0
356,1992-1999,1992-1999,,2001-03-31,2000-2001,__export__.account_fiscalyear_234,434,5975,__export__.res_partner_1485,0,0,0
357,,2006-2007,__export__.account_fiscalyear_240,2007-10-01,2007-2008,__export__.account_fiscalyear_241,2964,4052,__export__.res_partner_861,0,0,0
358,,1998-1999,__export__.account_fiscalyear_232,2000-06-23,2000-2001,__export__.account_fiscalyear_234,5468,3527,__export__.res_partner_6764,0,0,0
359,,2006-2007,__export__.account_fiscalyear_240,2013-02-18,2012-2013,__export__.account_fiscalyear_246,5468,3527,__export__.res_partner_6764,0,0,0
360,,2007-2008,__export__.account_fiscalyear_241,2013-02-18,2012-2013,__export__.account_fiscalyear_246,5468,3527,__export__.res_partner_6764,0,0,0
361,,2008-2009,__export__.account_fiscalyear_242,2013-02-18,2012-2013,__export__.account_fiscalyear_246,5468,3527,__export__.res_partner_6764,0,0,0
362,,2009-2010,__export__.account_fiscalyear_243,2013-02-18,2012-2013,__export__.account_fiscalyear_246,5468,3527,__export__.res_partner_6764,0,0,0
363,,2010-2011,__export__.account_fiscalyear_244,2013-02-18,2012-2013,__export__.account_fiscalyear_246,5468,3527,__export__.res_partner_6764,0,0,0
364,,2011-2012,__export__.account_fiscalyear_245,2013-02-18,2012-2013,__export__.account_fiscalyear_246,5468,3527,__export__.res_partner_6764,0,0,0
365,,2012-2013,__export__.account_fiscalyear_246,2013-09-04,2013-2014,__export__.account_fiscalyear_247,5468,3527,__export__.res_partner_6764,0,0,0
366,,2012-2013,__export__.account_fiscalyear_246,2014-01-03,2013-2014,__export__.account_fiscalyear_247,5508,3526,__export__.res_partner_5315,0,0,0
367,,2006-2007,__export__.account_fiscalyear_240,2007-10-09,2007-2008,__export__.account_fiscalyear_241,6805,4009,__export__.res_partner_2068,0,0,0
368,,2007-2008,__export__.account_fiscalyear_241,2009-04-30,2009-2010,__export__.account_fiscalyear_243,6805,4009,__export__.res_partner_2068,0,0,0
369,,2011-2012,__export__.account_fiscalyear_245,2012-11-05,2012-2013,__export__.account_fiscalyear_246,6805,4009,__export__.res_partner_2068,0,0,0
370,,2012-2013,__export__.account_fiscalyear_246,2014-02-12,2013-2014,__export__.account_fiscalyear_247,6805,4009,__export__.res_partner_2068,0,0,0
371,,2011-2012,__export__.account_fiscalyear_245,2012-08-10,2012-2013,__export__.account_fiscalyear_246,574,5993,__export__.res_partner_2960,0,0,0
372,,2012-2013,__export__.account_fiscalyear_246,2013-09-09,2013-2014,__export__.account_fiscalyear_247,574,5993,__export__.res_partner_2960,0,0,0
373,1983-1999,1983-1999,,2000-05-16,2000-2001,__export__.account_fiscalyear_234,7008,4003,__export__.res_partner_6281,0,0,0
374,,2012-2013,__export__.account_fiscalyear_246,2013-10-30,2013-2014,__export__.account_fiscalyear_247,7542,7513,__export__.res_partner_7803,0,0,0
375,,2011-2012,__export__.account_fiscalyear_245,2012-05-29,2012-2013,__export__.account_fiscalyear_246,5330,3521,__export__.res_partner_973,0,0,0
376,,1998-1999,__export__.account_fiscalyear_232,2001-03-31,2000-2001,__export__.account_fiscalyear_234,1089,6965,__export__.res_partner_7624,0,0,0
377,1989-1999,1989-1999,,2001-03-31,2000-2001,__export__.account_fiscalyear_234,5915,3919,__export__.res_partner_4765,0,0,0
378,,2001-2002,__export__.account_fiscalyear_235,2003-01-03,2002-2003,__export__.account_fiscalyear_236,5915,3919,__export__.res_partner_4765,0,0,0
379,,2002-2003,__export__.account_fiscalyear_236,2004-04-22,2004-2005,__export__.account_fiscalyear_238,5915,3919,__export__.res_partner_4765,0,0,0
380,,2003-2004,__export__.account_fiscalyear_237,2004-06-08,2004-2005,__export__.account_fiscalyear_238,5915,3919,__export__.res_partner_4765,0,0,0
381,,2009-2010,__export__.account_fiscalyear_243,2010-07-28,2010-2011,__export__.account_fiscalyear_244,7229,3620,__export__.res_partner_8357,0,0,0
382,,2011-2012,__export__.account_fiscalyear_245,2012-12-01,2012-2013,__export__.account_fiscalyear_246,7229,3620,__export__.res_partner_8357,0,0,0
383,1996-1998,1996-1998,,2001-03-31,2000-2001,__export__.account_fiscalyear_234,6853,3603,__export__.res_partner_5930,0,0,0
384,1977-1999,1977-1999,,2001-03-31,2000-2001,__export__.account_fiscalyear_234,1566,6002,__export__.res_partner_6778,0,0,0
385,1997-1999,1997-1999,,2001-03-01,2000-2001,__export__.account_fiscalyear_234,2097,5645,__export__.res_partner_6562,0,0,0
386,,1996-1997,__export__.account_fiscalyear_230,2001-03-31,2000-2001,__export__.account_fiscalyear_234,1227,6133,__export__.res_partner_1135,0,0,0
387,,2001-2002,__export__.account_fiscalyear_235,2003-01-20,2002-2003,__export__.account_fiscalyear_236,1227,6133,__export__.res_partner_1135,0,0,0
388,,2002-2003,__export__.account_fiscalyear_236,2004-06-21,2004-2005,__export__.account_fiscalyear_238,1227,6133,__export__.res_partner_1135,0,0,0
389,,2003-2004,__export__.account_fiscalyear_237,2004-06-21,2004-2005,__export__.account_fiscalyear_238,1227,6133,__export__.res_partner_1135,0,0,0
390,1997-1999,1997-1999,,2001-03-31,2000-2001,__export__.account_fiscalyear_234,1087,6843,__export__.res_partner_530,0,0,0
391,1997-1999,1997-1999,,2001-03-31,2000-2001,__export__.account_fiscalyear_234,1307,6828,__export__.res_partner_1534,0,0,0
392,1982-1993,1982-1993,,1995-03-27,1994-1995,__export__.account_fiscalyear_560,3067,3716,__export__.res_partner_6821,0,0,0
393,1993-1999,1993-1999,,2001-03-31,2000-2001,__export__.account_fiscalyear_234,3067,3716,__export__.res_partner_6821,0,0,0
394,1981-1992,1981-1992,,2001-03-03,2000-2001,__export__.account_fiscalyear_234,1475,6114,__export__.res_partner_2171,0,0,0
395,,1991-1992,__export__.account_fiscalyear_557,2000-05-09,2000-2001,__export__.account_fiscalyear_234,2908,3783,__export__.res_partner_8156,0,0,0
396,,1991-1992,__export__.account_fiscalyear_557,2001-03-31,2000-2001,__export__.account_fiscalyear_234,3035,3684,__export__.res_partner_8330,0,0,0
397,,1991-1992,__export__.account_fiscalyear_557,2001-03-31,2000-2001,__export__.account_fiscalyear_234,3045,3692,__export__.res_partner_3986,0,0,0
398,,1991-1992,__export__.account_fiscalyear_557,2000-07-12,2000-2001,__export__.account_fiscalyear_234,3093,3669,__export__.res_partner_7495,0,0,0
399,,2010-2011,__export__.account_fiscalyear_244,2012-05-26,2012-2013,__export__.account_fiscalyear_246,3090,3735,__export__.res_partner_1646,0,0,0
400,1990-1999,1990-1999,,2001-03-01,2000-2001,__export__.account_fiscalyear_234,6971,3602,__export__.res_partner_2391,0,0,0
401,,1998-1999,__export__.account_fiscalyear_232,2001-03-31,2000-2001,__export__.account_fiscalyear_234,3068,3717,__export__.res_partner_1389,0,0,0
402,1987-1999,1987-1999,,2001-03-31,2000-2001,__export__.account_fiscalyear_234,2970,3865,__export__.res_partner_2084,0,0,0
403,1989-1999,1989-1999,,2001-03-31,2000-2001,__export__.account_fiscalyear_234,2682,4273,__export__.res_partner_1117,0,0,0
404,,2008-2009,__export__.account_fiscalyear_242,2010-01-12,2009-2010,__export__.account_fiscalyear_243,3004,3655,__export__.res_partner_1796,0,0,0
405,1984-1999,1984-1999,,2001-02-06,2000-2001,__export__.account_fiscalyear_234,3077,3724,__export__.res_partner_6634,0,0,0
406,,2006-2007,__export__.account_fiscalyear_240,2008-01-07,2007-2008,__export__.account_fiscalyear_241,3077,3724,__export__.res_partner_6634,0,0,0
407,,2006-2007,__export__.account_fiscalyear_240,2008-02-18,2007-2008,__export__.account_fiscalyear_241,3078,3726,__export__.res_partner_4291,0,0,0
408,,2007-2008,__export__.account_fiscalyear_241,2009-03-23,2008-2009,__export__.account_fiscalyear_242,3078,3726,__export__.res_partner_4291,0,0,0
409,1980-1999,1980-1999,,2001-03-31,2000-2001,__export__.account_fiscalyear_234,3019,3664,__export__.res_partner_7620,0,0,0
410,,2003-2004,__export__.account_fiscalyear_237,2001-12-07,2001-2002,__export__.account_fiscalyear_235,3019,3664,__export__.res_partner_7620,0,0,0
411,,2003-2004,__export__.account_fiscalyear_237,2004-07-08,2004-2005,__export__.account_fiscalyear_238,3008,3834,__export__.res_partner_5251,0,0,0
412,,2004-2005,__export__.account_fiscalyear_238,2005-11-07,2005-2006,__export__.account_fiscalyear_239,3008,3834,__export__.res_partner_5251,0,0,0
413,,1991-1992,__export__.account_fiscalyear_557,2001-03-01,2000-2001,__export__.account_fiscalyear_234,6936,3875,__export__.res_partner_5085,0,0,0
414,,2008-2009,__export__.account_fiscalyear_242,2010-01-01,2009-2010,__export__.account_fiscalyear_243,7190,3812,__export__.res_partner_2880,0,0,0
415,,2009-2010,__export__.account_fiscalyear_243,2010-07-27,2010-2011,__export__.account_fiscalyear_244,7190,3812,__export__.res_partner_2880,0,0,0
416,,2010-2011,__export__.account_fiscalyear_244,2011-11-09,2011-2012,__export__.account_fiscalyear_245,7190,3812,__export__.res_partner_2880,0,0,0
417,,2007-2008,__export__.account_fiscalyear_241,2009-03-26,2008-2009,__export__.account_fiscalyear_242,7042,4002,__export__.res_partner_1586,0,0,0
418,,2008-2009,__export__.account_fiscalyear_242,2011-05-26,2011-2012,__export__.account_fiscalyear_245,5279,4172,__export__.res_partner_2838,0,0,0
419,,2009-2010,__export__.account_fiscalyear_243,2011-05-26,2011-2012,__export__.account_fiscalyear_245,5279,4172,__export__.res_partner_2838,0,0,0
420,,2010-2011,__export__.account_fiscalyear_244,2012-04-10,2012-2013,__export__.account_fiscalyear_246,5279,4172,__export__.res_partner_2838,0,0,0
421,,2011-2012,__export__.account_fiscalyear_245,2012-12-17,2012-2013,__export__.account_fiscalyear_246,5279,4172,__export__.res_partner_2838,0,0,0
422,,2011-2012,__export__.account_fiscalyear_245,2012-09-01,2012-2013,__export__.account_fiscalyear_246,7912,7936,__export__.res_partner_3143,0,0,0
423,,2006-2007,__export__.account_fiscalyear_240,2009-03-26,2008-2009,__export__.account_fiscalyear_242,1512,6001,__export__.res_partner_2557,0,0,0
424,,2007-2008,__export__.account_fiscalyear_241,2009-03-26,2008-2009,__export__.account_fiscalyear_242,1512,6001,__export__.res_partner_2557,0,0,0
425,1997-1999,1997-1999,,2001-03-31,2000-2001,__export__.account_fiscalyear_234,5524,3588,__export__.res_partner_7292,0,0,0
426,,2009-2010,__export__.account_fiscalyear_243,2010-07-29,2010-2011,__export__.account_fiscalyear_244,5524,3588,__export__.res_partner_7292,0,0,0
427,,2010-2011,__export__.account_fiscalyear_244,2014-06-17,2013-2014,__export__.account_fiscalyear_247,5388,3579,__export__.res_partner_1963,0,0,0
429,,2010-2011,__export__.account_fiscalyear_244,2014-03-31,2013-2014,__export__.account_fiscalyear_247,5388,3579,__export__.res_partner_1963,0,0,0
430,,2011-2012,__export__.account_fiscalyear_245,2014-03-31,2013-2014,__export__.account_fiscalyear_247,5388,3579,__export__.res_partner_1963,0,0,0
431,,2011-2012,__export__.account_fiscalyear_245,2013-12-30,2013-2014,__export__.account_fiscalyear_247,5388,3579,__export__.res_partner_1963,0,0,0
432,,2011-2012,__export__.account_fiscalyear_245,2014-03-31,2013-2014,__export__.account_fiscalyear_247,5388,3579,__export__.res_partner_1963,0,0,0
433,,2012-2013,__export__.account_fiscalyear_246,2014-12-30,2013-2014,__export__.account_fiscalyear_247,5388,3579,__export__.res_partner_1963,0,0,0
434,,2012-2013,__export__.account_fiscalyear_246,2014-03-31,2013-2014,__export__.account_fiscalyear_247,5388,3579,__export__.res_partner_1963,0,0,0
435,,2010-2011,__export__.account_fiscalyear_244,2013-08-16,2013-2014,__export__.account_fiscalyear_247,5444,3593,__export__.res_partner_2682,0,0,0
436,,2011-2012,__export__.account_fiscalyear_245,2013-08-16,2013-2014,__export__.account_fiscalyear_247,5444,3593,__export__.res_partner_2682,0,0,0
437,,2012-2013,__export__.account_fiscalyear_246,2014-01-13,2013-2014,__export__.account_fiscalyear_247,3043,3690,__export__.res_partner_951,0,0,0
438,,2012-2013,__export__.account_fiscalyear_246,2013-12-31,2013-2014,__export__.account_fiscalyear_247,138,3694,__export__.res_partner_937,0,0,0
439,,2011-2012,__export__.account_fiscalyear_245,2013-07-10,2013-2014,__export__.account_fiscalyear_247,3047,3695,__export__.res_partner_5575,0,0,0
440,,2012-2013,__export__.account_fiscalyear_246,2014-03-01,2013-2014,__export__.account_fiscalyear_247,7042,4002,__export__.res_partner_1586,0,0,0
441,,2012-2013,__export__.account_fiscalyear_246,2013-07-20,2013-2014,__export__.account_fiscalyear_247,2828,4143,__export__.res_partner_5588,0,0,0
442,,2012-2013,__export__.account_fiscalyear_246,2013-09-04,2013-2014,__export__.account_fiscalyear_247,2828,4143,__export__.res_partner_5588,0,0,0
443,,2012-2013,__export__.account_fiscalyear_246,2013-11-04,2013-2014,__export__.account_fiscalyear_247,2387,4744,__export__.res_partner_2045,0,0,0
444,,2012-2013,__export__.account_fiscalyear_246,2014-01-15,2013-2014,__export__.account_fiscalyear_247,7912,7936,__export__.res_partner_3143,0,0,0
445,,2012-2013,__export__.account_fiscalyear_246,2013-12-31,2013-2014,__export__.account_fiscalyear_247,7991,8163,__export__.res_partner_4420,0,0,0
446,,2012-2013,__export__.account_fiscalyear_246,2013-07-10,2013-2014,__export__.account_fiscalyear_247,7921,7916,__export__.res_partner_5252,0,0,0
447,,2012-2013,__export__.account_fiscalyear_246,2013-07-11,2013-2014,__export__.account_fiscalyear_247,6753,3609,__export__.res_partner_3630,0,0,0
448,,2012-2013,__export__.account_fiscalyear_246,2013-07-20,2013-2014,__export__.account_fiscalyear_247,7092,3617,__export__.res_partner_1288,0,0,0
449,,2012-2013,__export__.account_fiscalyear_246,2013-07-12,2013-2014,__export__.account_fiscalyear_247,2901,3774,__export__.res_partner_2114,0,0,0
450,,2012-2013,__export__.account_fiscalyear_246,2013-08-16,2013-2014,__export__.account_fiscalyear_247,2904,3777,__export__.res_partner_5127,0,0,0
451,,2011-2012,__export__.account_fiscalyear_245,2013-06-25,2013-2014,__export__.account_fiscalyear_247,3090,3735,__export__.res_partner_1646,0,0,0
452,,2012-2013,__export__.account_fiscalyear_246,2013-09-04,2013-2014,__export__.account_fiscalyear_247,587,5981,__export__.res_partner_6256,0,0,0
453,,2012-2013,__export__.account_fiscalyear_246,2013-08-16,2013-2014,__export__.account_fiscalyear_247,3053,3704,__export__.res_partner_7017,0,0,0
454,,2007-2008,__export__.account_fiscalyear_241,2010-09-28,2010-2011,__export__.account_fiscalyear_244,5518,3587,__export__.res_partner_7542,0,0,0
455,,2008-2009,__export__.account_fiscalyear_242,2014-02-20,2013-2014,__export__.account_fiscalyear_247,5518,3587,__export__.res_partner_7542,0,0,0
456,,2009-2010,__export__.account_fiscalyear_243,2014-02-20,2013-2014,__export__.account_fiscalyear_247,5518,3587,__export__.res_partner_7542,0,0,0
457,,2012-2013,__export__.account_fiscalyear_246,2013-12-21,2013-2014,__export__.account_fiscalyear_247,5624,3573,__export__.res_partner_1198,0,0,0
458,,2012-2013,__export__.account_fiscalyear_246,2014-03-05,2013-2014,__export__.account_fiscalyear_247,5279,4172,__export__.res_partner_2838,0,0,0
459,,2012-2013,__export__.account_fiscalyear_246,2013-11-04,2013-2014,__export__.account_fiscalyear_247,3012,3678,__export__.res_partner_7526,0,0,0
460,,2012-2013,__export__.account_fiscalyear_246,2013-07-20,2013-2014,__export__.account_fiscalyear_247,655,5998,__export__.res_partner_3866,0,0,0
462,,2012-2013,__export__.account_fiscalyear_246,2013-12-23,2013-2014,__export__.account_fiscalyear_247,1492,5772,__export__.res_partner_1614,0,0,0
463,,2012-2013,__export__.account_fiscalyear_246,2013-08-30,2013-2014,__export__.account_fiscalyear_247,5524,3588,__export__.res_partner_7292,0,0,0
464,,2002-2003,__export__.account_fiscalyear_236,2011-02-24,2003-2004,__export__.account_fiscalyear_237,7132,3640,__export__.res_partner_2478,0,0,0
466,,2012-2013,__export__.account_fiscalyear_246,2013-12-21,2013-2014,__export__.account_fiscalyear_247,7190,3812,__export__.res_partner_2880,0,0,0
467,,2003-2004,__export__.account_fiscalyear_237,2014-06-27,2014-2015,__export__.account_fiscalyear_248,2931,3822,__export__.res_partner_1888,0,0,0
468,,2004-2005,__export__.account_fiscalyear_238,2014-06-27,2014-2015,__export__.account_fiscalyear_248,2931,3822,__export__.res_partner_1888,0,0,0
469,,2005-2006,__export__.account_fiscalyear_239,2014-06-27,2014-2015,__export__.account_fiscalyear_248,2931,3822,__export__.res_partner_1888,0,0,0
470,,2006-2007,__export__.account_fiscalyear_240,2014-06-27,2014-2015,__export__.account_fiscalyear_248,2931,3822,__export__.res_partner_1888,0,0,0
471,,2007-2008,__export__.account_fiscalyear_241,2014-06-27,2014-2015,__export__.account_fiscalyear_248,2931,3822,__export__.res_partner_1888,0,0,0
472,,2008-2009,__export__.account_fiscalyear_242,2014-06-27,2014-2015,__export__.account_fiscalyear_248,2931,3822,__export__.res_partner_1888,0,0,0
473,,2009-2010,__export__.account_fiscalyear_243,2014-06-27,2014-2015,__export__.account_fiscalyear_248,2931,3822,__export__.res_partner_1888,0,0,0
474,,2010-2011,__export__.account_fiscalyear_244,2014-06-27,2014-2015,__export__.account_fiscalyear_248,2931,3822,__export__.res_partner_1888,0,0,0
475,,2011-2012,__export__.account_fiscalyear_245,2014-06-27,2014-2015,__export__.account_fiscalyear_248,2931,3822,__export__.res_partner_1888,0,0,0
476,,2012-2013,__export__.account_fiscalyear_246,2013-08-26,2013-2014,__export__.account_fiscalyear_247,852,6964,__export__.res_partner_766,0,0,0
477,,2009-2010,__export__.account_fiscalyear_243,2010-10-05,2010-2011,__export__.account_fiscalyear_244,5428,3566,__export__.res_partner_8142,0,0,0
478,,2011-2012,__export__.account_fiscalyear_245,2014-01-06,2013-2014,__export__.account_fiscalyear_247,2915,3791,__export__.res_partner_5847,0,0,0
479,,2012-2013,__export__.account_fiscalyear_246,2014-01-06,2013-2014,__export__.account_fiscalyear_247,2915,3791,__export__.res_partner_5847,0,0,0
480,,2012-2013,__export__.account_fiscalyear_246,2014-04-23,2014-2015,__export__.account_fiscalyear_248,5428,3566,__export__.res_partner_8142,0,0,0
481,,2011-2012,__export__.account_fiscalyear_245,2013-09-12,2012-2013,__export__.account_fiscalyear_246,1518,5753,__export__.res_partner_980,0,0,0
482,,2012-2013,__export__.account_fiscalyear_246,2013-09-12,2013-2014,__export__.account_fiscalyear_247,1518,5753,__export__.res_partner_980,0,0,0
483,,2012-2013,__export__.account_fiscalyear_246,2014-07-23,2014-2015,__export__.account_fiscalyear_248,2944,3837,__export__.res_partner_915,0,0,0
NULL,0,,,,,,NULL,NULL,,,,
