master_id,temp_acc_year,Accnt year,acc_year/id,date_from,Assess year,assess_year/id,reg_id,name,wakf_id/id,line_1,line_2,line_3
2,,2008-2009,__export__.account_fiscalyear_185,2013-05-01,2009-2010,__export__.account_fiscalyear_186,2297,4726,__export__.res_partner_8431,0,0,0
3,,2009-2010,__export__.account_fiscalyear_186,2013-05-01,2010-2011,__export__.account_fiscalyear_187,2297,4726,__export__.res_partner_8431,0,0,0
4,,2012-2013,__export__.account_fiscalyear_189,2013-05-01,2013-2014,__export__.account_fiscalyear_190,2297,4726,__export__.res_partner_8431,0,0,0
5,,2007-2008,__export__.account_fiscalyear_184,2009-11-17,2009-2010,__export__.account_fiscalyear_186,2297,4726,__export__.res_partner_8431,0,0,0
7,,1996-1997,__export__.account_fiscalyear_173,2001-03-31,2000-2001,__export__.account_fiscalyear_177,5545,3565,__export__.res_partner_4179,0,0,0
8,,2004-2005,__export__.account_fiscalyear_181,2006-02-04,2005-2006,__export__.account_fiscalyear_182,5545,3565,__export__.res_partner_4179,0,0,0
9,,2008-2009,__export__.account_fiscalyear_185,2010-04-05,2010-2011,__export__.account_fiscalyear_187,5545,3565,__export__.res_partner_4179,0,0,0
10,,2009-2010,__export__.account_fiscalyear_186,2010-05-27,2010-2011,__export__.account_fiscalyear_187,5545,3565,__export__.res_partner_4179,0,0,0
11,,2006-2007,__export__.account_fiscalyear_183,2013-01-04,2007-2008,__export__.account_fiscalyear_184,260,7149,__export__.res_partner_2731,0,0,0
12,,2007-2008,__export__.account_fiscalyear_184,2013-01-04,2008-2009,__export__.account_fiscalyear_185,260,7149,__export__.res_partner_2731,0,0,0
13,,2008-2009,__export__.account_fiscalyear_185,2013-01-04,2009-2010,__export__.account_fiscalyear_186,260,7149,__export__.res_partner_2731,0,0,0
14,,2009-2010,__export__.account_fiscalyear_186,2013-01-04,2010-2011,__export__.account_fiscalyear_187,260,7149,__export__.res_partner_2731,0,0,0
15,,2010-2011,__export__.account_fiscalyear_187,2013-01-04,2011-2012,__export__.account_fiscalyear_188,260,7149,__export__.res_partner_2731,0,0,0
16,,2011-2012,__export__.account_fiscalyear_188,2013-01-04,2012-2013,__export__.account_fiscalyear_189,260,7149,__export__.res_partner_2731,0,0,0
17,,2009-2010,__export__.account_fiscalyear_186,2011-12-28,2010-2011,__export__.account_fiscalyear_187,379,7151,__export__.res_partner_610,0,0,0
18,,2010-2011,__export__.account_fiscalyear_187,2011-12-28,2011-2012,__export__.account_fiscalyear_188,379,7151,__export__.res_partner_610,0,0,0
19,,2006-2007,__export__.account_fiscalyear_183,2007-08-04,2007-2008,__export__.account_fiscalyear_184,5587,3559,__export__.res_partner_2690,0,0,0
20,1976-1998,1976-1998,,2006-11-22,2000-2001,__export__.account_fiscalyear_177,2889,3758,__export__.res_partner_1161,0,0,0
21,,2001-2002,__export__.account_fiscalyear_178,2006-11-22,2002-2003,__export__.account_fiscalyear_179,2889,3758,__export__.res_partner_1161,0,0,0
22,,2002-2003,__export__.account_fiscalyear_179,2006-11-22,2004-2005,__export__.account_fiscalyear_181,2889,3758,__export__.res_partner_1161,0,0,0
23,,2003-2004,__export__.account_fiscalyear_180,2006-11-22,2004-2005,__export__.account_fiscalyear_181,2889,3758,__export__.res_partner_1161,0,0,0
24,,2005-2006,__export__.account_fiscalyear_182,2006-11-22,2006-2007,__export__.account_fiscalyear_183,2889,3758,__export__.res_partner_1161,0,0,0
25,,2008-2009,__export__.account_fiscalyear_185,2012-12-20,2010-2011,__export__.account_fiscalyear_187,5469,3537,__export__.res_partner_4169,0,0,0
26,,2009-2010,__export__.account_fiscalyear_186,2012-12-20,2009-2010,__export__.account_fiscalyear_186,5469,3537,__export__.res_partner_4169,0,0,0
27,,2010-2011,__export__.account_fiscalyear_187,2012-12-20,2011-2012,__export__.account_fiscalyear_188,5469,3537,__export__.res_partner_4169,0,0,0
28,,2011-2012,__export__.account_fiscalyear_188,2012-12-20,2012-2013,__export__.account_fiscalyear_189,5469,3537,__export__.res_partner_4169,0,0,0
29,1976-1998,1976-1998,,2001-03-24,2000-2001,__export__.account_fiscalyear_177,5418,3551,__export__.res_partner_1156,0,0,0
30,,2000-2001,__export__.account_fiscalyear_177,2001-11-24,2001-2002,__export__.account_fiscalyear_178,5418,3551,__export__.res_partner_1156,0,0,0
31,,2004-2005,__export__.account_fiscalyear_181,2007-01-19,2012-2013,__export__.account_fiscalyear_189,5372,3536,__export__.res_partner_2719,0,0,0
32,,2005-2006,__export__.account_fiscalyear_182,2007-01-19,2006-2007,__export__.account_fiscalyear_183,5372,3536,__export__.res_partner_2719,0,0,0
33,,2009-2010,__export__.account_fiscalyear_186,2012-12-11,2010-2011,__export__.account_fiscalyear_187,5367,3530,__export__.res_partner_7592,0,0,0
34,,2010-2011,__export__.account_fiscalyear_187,2012-12-11,2011-2012,__export__.account_fiscalyear_188,5367,3530,__export__.res_partner_7592,0,0,0
35,,2011-2012,__export__.account_fiscalyear_188,2012-12-11,2012-2013,__export__.account_fiscalyear_189,5367,3530,__export__.res_partner_7592,0,0,0
36,,2010-2011,__export__.account_fiscalyear_187,2011-05-17,2011-2012,__export__.account_fiscalyear_188,5581,3531,__export__.res_partner_4056,0,0,0
37,,1997-1998,__export__.account_fiscalyear_174,2001-03-31,2000-2001,__export__.account_fiscalyear_177,5397,3544,__export__.res_partner_5937,0,0,0
38,1975-1998,1975-1998,,2001-03-31,2000-2001,__export__.account_fiscalyear_177,5373,3545,__export__.res_partner_6012,0,0,0
39,,2003-2004,__export__.account_fiscalyear_180,2005-03-21,2004-2005,__export__.account_fiscalyear_181,404,7128,__export__.res_partner_8241,0,0,0
40,,2006-2007,__export__.account_fiscalyear_183,2012-04-20,2007-2008,__export__.account_fiscalyear_184,2983,3888,__export__.res_partner_3369,0,0,0
41,,2010-2011,__export__.account_fiscalyear_187,2012-04-20,2012-2013,__export__.account_fiscalyear_189,2983,3888,__export__.res_partner_3369,0,0,0
42,,1997-1998,__export__.account_fiscalyear_174,2000-07-12,2000-2001,__export__.account_fiscalyear_177,5353,3546,__export__.res_partner_2766,0,0,0
43,,2009-2010,__export__.account_fiscalyear_186,2012-07-28,2010-2011,__export__.account_fiscalyear_187,5356,3532,__export__.res_partner_2216,0,0,0
44,,2011-2012,__export__.account_fiscalyear_188,2012-07-28,2012-2013,__export__.account_fiscalyear_189,5356,3532,__export__.res_partner_2216,0,0,0
45,,2009-2010,__export__.account_fiscalyear_186,2010-09-19,2010-2011,__export__.account_fiscalyear_187,5447,3533,__export__.res_partner_6067,0,0,0
46,,2009-2010,__export__.account_fiscalyear_186,2013-01-25,2010-2011,__export__.account_fiscalyear_187,5410,3541,__export__.res_partner_6820,0,0,0
47,,2010-2011,__export__.account_fiscalyear_187,2013-01-25,2011-2012,__export__.account_fiscalyear_188,5410,3541,__export__.res_partner_6820,0,0,0
48,,2011-2012,__export__.account_fiscalyear_188,2013-01-25,2012-2013,__export__.account_fiscalyear_189,5410,3541,__export__.res_partner_6820,0,0,0
49,,2011-2012,__export__.account_fiscalyear_188,2013-03-18,2012-2013,__export__.account_fiscalyear_189,5396,3543,__export__.res_partner_514,0,0,0
50,,2004-2005,__export__.account_fiscalyear_181,2006-01-27,2005-2006,__export__.account_fiscalyear_182,5454,3553,__export__.res_partner_2208,0,0,0
51,,2005-2006,__export__.account_fiscalyear_182,2006-11-08,2006-2007,__export__.account_fiscalyear_183,5454,3553,__export__.res_partner_2208,0,0,0
52,,2007-2008,__export__.account_fiscalyear_184,2009-04-02,2009-2010,__export__.account_fiscalyear_186,5454,3553,__export__.res_partner_2208,0,0,0
53,,2006-2007,__export__.account_fiscalyear_183,2013-05-23,2013-2014,__export__.account_fiscalyear_190,5377,3557,__export__.res_partner_1493,0,0,0
54,,2007-2008,__export__.account_fiscalyear_184,2013-05-23,2013-2014,__export__.account_fiscalyear_190,5377,3557,__export__.res_partner_1493,0,0,0
55,,2008-2009,__export__.account_fiscalyear_185,2013-05-23,2013-2014,__export__.account_fiscalyear_190,5377,3557,__export__.res_partner_1493,0,0,0
56,,2009-2010,__export__.account_fiscalyear_186,2013-05-23,2013-2014,__export__.account_fiscalyear_190,5377,3557,__export__.res_partner_1493,0,0,0
57,,2010-2011,__export__.account_fiscalyear_187,2013-05-23,2013-2014,__export__.account_fiscalyear_190,5377,3557,__export__.res_partner_1493,0,0,0
58,,2011-2012,__export__.account_fiscalyear_188,2013-05-23,2013-2014,__export__.account_fiscalyear_190,5377,3557,__export__.res_partner_1493,0,0,0
59,,2012-2013,__export__.account_fiscalyear_189,2013-05-23,2013-2014,__export__.account_fiscalyear_190,5377,3557,__export__.res_partner_1493,0,0,0
60,1975-1998,1975-1998,,2001-03-31,2000-2001,__export__.account_fiscalyear_177,5424,3549,__export__.res_partner_3563,0,0,0
61,,1997-1998,__export__.account_fiscalyear_174,2000-07-12,2000-2001,__export__.account_fiscalyear_177,5419,3554,__export__.res_partner_8175,0,0,0
62,,2010-2011,__export__.account_fiscalyear_187,2013-06-01,2013-2014,__export__.account_fiscalyear_190,1698,6015,__export__.res_partner_8092,0,0,0
63,,2011-2012,__export__.account_fiscalyear_188,2013-06-01,2013-2014,__export__.account_fiscalyear_190,1698,6015,__export__.res_partner_8092,0,0,0
64,,2011-2012,__export__.account_fiscalyear_188,2013-05-08,2012-2013,__export__.account_fiscalyear_189,204,7160,__export__.res_partner_7338,0,0,0
65,,2012-2013,__export__.account_fiscalyear_189,2013-05-08,2013-2014,__export__.account_fiscalyear_190,204,7160,__export__.res_partner_7338,0,0,0
66,,2010-2011,__export__.account_fiscalyear_187,2012-07-02,2011-2012,__export__.account_fiscalyear_188,235,7158,__export__.res_partner_8203,0,0,0
67,,2011-2012,__export__.account_fiscalyear_188,2012-07-02,2012-2013,__export__.account_fiscalyear_189,235,7158,__export__.res_partner_8203,0,0,0
68,,2004-2005,__export__.account_fiscalyear_181,2006-01-21,2005-2006,__export__.account_fiscalyear_182,2230,5632,__export__.res_partner_2905,0,0,0
69,,2006-2007,__export__.account_fiscalyear_183,2007-11-19,2007-2008,__export__.account_fiscalyear_184,2230,5632,__export__.res_partner_2905,0,0,0
70,,2007-2008,__export__.account_fiscalyear_184,2009-04-17,2009-2010,__export__.account_fiscalyear_186,2230,5632,__export__.res_partner_2905,0,0,0
71,,1998-1999,__export__.account_fiscalyear_175,2003-05-07,2000-2001,__export__.account_fiscalyear_177,2926,3814,__export__.res_partner_2332,0,0,0
72,,2001-2002,__export__.account_fiscalyear_178,2003-05-07,2003-2004,__export__.account_fiscalyear_180,2926,3814,__export__.res_partner_2332,0,0,0
73,,2011-2012,__export__.account_fiscalyear_188,2012-12-18,2012-2013,__export__.account_fiscalyear_189,7925,7931,__export__.res_partner_1085,0,0,0
74,,2009-2010,__export__.account_fiscalyear_186,2010-10-01,2010-2011,__export__.account_fiscalyear_187,403,7124,__export__.res_partner_1114,0,0,0
75,,2011-2012,__export__.account_fiscalyear_188,2012-09-20,2012-2013,__export__.account_fiscalyear_189,403,7124,__export__.res_partner_1114,0,0,0
76,1978-1999,1978-1999,,2004-03-24,2000-2001,__export__.account_fiscalyear_177,5118,3467,__export__.res_partner_7450,0,0,0
77,,2002-2003,__export__.account_fiscalyear_179,2004-03-24,2003-2004,__export__.account_fiscalyear_180,5118,3467,__export__.res_partner_7450,0,0,0
78,,1997-1998,__export__.account_fiscalyear_174,2001-03-24,2000-2001,__export__.account_fiscalyear_177,5281,3462,__export__.res_partner_5981,0,0,0
79,,1998-1999,__export__.account_fiscalyear_175,2011-11-15,2000-2001,__export__.account_fiscalyear_177,5120,3474,__export__.res_partner_658,0,0,0
80,,2008-2009,__export__.account_fiscalyear_185,2011-11-15,2009-2010,__export__.account_fiscalyear_186,5120,3474,__export__.res_partner_658,0,0,0
81,,2009-2010,__export__.account_fiscalyear_186,2011-11-15,2010-2011,__export__.account_fiscalyear_187,5120,3474,__export__.res_partner_658,0,0,0
82,,2010-2011,__export__.account_fiscalyear_187,2011-11-15,2011-2012,__export__.account_fiscalyear_188,5120,3474,__export__.res_partner_658,0,0,0
83,,1999-2000,__export__.account_fiscalyear_176,2001-07-25,2001-2002,__export__.account_fiscalyear_178,2929,3817,__export__.res_partner_1116,0,0,0
85,,2011-2012,__export__.account_fiscalyear_188,2012-08-24,2012-2013,__export__.account_fiscalyear_189,5242,3456,__export__.res_partner_3774,0,0,0
86,,2010-2011,__export__.account_fiscalyear_187,2012-02-10,2011-2012,__export__.account_fiscalyear_188,5402,3464,__export__.res_partner_409,0,0,0
87,1981-1996,1981-1996,,2001-03-01,2000-2001,__export__.account_fiscalyear_177,2353,4750,__export__.res_partner_1372,0,0,0
88,,2007-2008,__export__.account_fiscalyear_184,2009-07-02,2009-2010,__export__.account_fiscalyear_186,884,5934,__export__.res_partner_2175,0,0,0
89,,2012-2013,__export__.account_fiscalyear_189,2013-05-04,2013-2014,__export__.account_fiscalyear_190,169,7155,__export__.res_partner_3883,0,0,0
90,1980-1999,1980-1999,,2001-03-24,2000-2001,__export__.account_fiscalyear_177,509,5964,__export__.res_partner_335,0,0,0
101,,2007-2008,__export__.account_fiscalyear_184,2012-06-07,2009-2010,__export__.account_fiscalyear_186,2951,4042,__export__.res_partner_2487,0,0,0
102,,2008-2009,__export__.account_fiscalyear_185,2012-06-07,2009-2010,__export__.account_fiscalyear_186,2951,4042,__export__.res_partner_2487,0,0,0
103,,2009-2010,__export__.account_fiscalyear_186,2012-06-07,2010-2011,__export__.account_fiscalyear_187,2951,4042,__export__.res_partner_2487,0,0,0
104,,2010-2011,__export__.account_fiscalyear_187,2012-06-07,2011-2012,__export__.account_fiscalyear_188,2951,4042,__export__.res_partner_2487,0,0,0
105,,2011-2012,__export__.account_fiscalyear_188,2012-06-07,2012-2013,__export__.account_fiscalyear_189,2951,4042,__export__.res_partner_2487,0,0,0
106,,2007-2008,__export__.account_fiscalyear_184,2013-05-21,2013-2014,__export__.account_fiscalyear_190,2951,4042,__export__.res_partner_2487,0,0,0
107,,2008-2009,__export__.account_fiscalyear_185,2013-05-21,2013-2014,__export__.account_fiscalyear_190,2951,4042,__export__.res_partner_2487,0,0,0
108,,2009-2010,__export__.account_fiscalyear_186,2013-05-21,2013-2014,__export__.account_fiscalyear_190,2951,4042,__export__.res_partner_2487,0,0,0
109,,2010-2011,__export__.account_fiscalyear_187,2013-05-21,2013-2014,__export__.account_fiscalyear_190,2951,4042,__export__.res_partner_2487,0,0,0
110,,2011-2012,__export__.account_fiscalyear_188,2013-05-21,2013-2014,__export__.account_fiscalyear_190,2951,4042,__export__.res_partner_2487,0,0,0
111,,2012-2013,__export__.account_fiscalyear_189,2013-05-16,2013-2014,__export__.account_fiscalyear_190,5274,3412,__export__.res_partner_4467,0,0,0
112,,1994-1995,__export__.account_fiscalyear_482,2000-07-12,2000-2001,__export__.account_fiscalyear_177,5274,3412,__export__.res_partner_4467,0,0,0
113,1981-1999,1981-1999,,2001-03-31,2000-2001,__export__.account_fiscalyear_177,1837,5550,__export__.res_partner_7075,0,0,0
114,,2009-2010,__export__.account_fiscalyear_186,2012-05-16,2010-2011,__export__.account_fiscalyear_187,7201,3872,__export__.res_partner_3626,0,0,0
115,,2010-2011,__export__.account_fiscalyear_187,2012-05-16,2011-2012,__export__.account_fiscalyear_188,7201,3872,__export__.res_partner_3626,0,0,0
116,,2011-2012,__export__.account_fiscalyear_188,2012-05-16,2012-2013,__export__.account_fiscalyear_189,7201,3872,__export__.res_partner_3626,0,0,0
117,,2010-2011,__export__.account_fiscalyear_187,2011-12-31,2011-2012,__export__.account_fiscalyear_188,5029,3360,__export__.res_partner_1397,0,0,0
118,,2011-2012,__export__.account_fiscalyear_188,2012-08-23,2012-2013,__export__.account_fiscalyear_189,5029,3360,__export__.res_partner_1397,0,0,0
119,,2009-2010,__export__.account_fiscalyear_186,2010-08-19,2010-2011,__export__.account_fiscalyear_187,2930,3818,__export__.res_partner_1697,0,0,0
120,,2003-2004,__export__.account_fiscalyear_180,2005-03-02,2004-2005,__export__.account_fiscalyear_181,2980,3885,__export__.res_partner_6734,0,0,0
121,,1992-1993,__export__.account_fiscalyear_480,2000-10-22,2000-2001,__export__.account_fiscalyear_177,1569,4791,__export__.res_partner_6029,0,0,0
122,1969-1999,1969-1999,,2001-03-24,2000-2001,__export__.account_fiscalyear_177,5341,3497,__export__.res_partner_7922,0,0,0
123,,1996-1997,__export__.account_fiscalyear_173,2012-07-11,2011-2012,__export__.account_fiscalyear_188,761,6616,__export__.res_partner_8368,0,0,0
124,,1997-1998,__export__.account_fiscalyear_174,2012-07-11,2011-2012,__export__.account_fiscalyear_188,761,6616,__export__.res_partner_8368,0,0,0
125,,1998-1999,__export__.account_fiscalyear_175,2012-07-11,2011-2012,__export__.account_fiscalyear_188,761,6616,__export__.res_partner_8368,0,0,0
126,,1999-2000,__export__.account_fiscalyear_176,2012-07-11,2011-2012,__export__.account_fiscalyear_188,761,6616,__export__.res_partner_8368,0,0,0
127,,2000-2001,__export__.account_fiscalyear_177,2012-07-11,2011-2012,__export__.account_fiscalyear_188,761,6616,__export__.res_partner_8368,0,0,0
128,,2001-2002,__export__.account_fiscalyear_178,2012-07-11,2011-2012,__export__.account_fiscalyear_188,761,6616,__export__.res_partner_8368,0,0,0
129,,2002-2003,__export__.account_fiscalyear_179,2012-07-11,2011-2012,__export__.account_fiscalyear_188,761,6616,__export__.res_partner_8368,0,0,0
130,,2003-2004,__export__.account_fiscalyear_180,2012-07-11,2011-2012,__export__.account_fiscalyear_188,761,6616,__export__.res_partner_8368,0,0,0
131,,2004-2005,__export__.account_fiscalyear_181,2012-07-11,2011-2012,__export__.account_fiscalyear_188,761,6616,__export__.res_partner_8368,0,0,0
132,,2005-2006,__export__.account_fiscalyear_182,2012-07-11,2011-2012,__export__.account_fiscalyear_188,761,6616,__export__.res_partner_8368,0,0,0
133,,2006-2007,__export__.account_fiscalyear_183,2012-07-11,2011-2012,__export__.account_fiscalyear_188,761,6616,__export__.res_partner_8368,0,0,0
134,,2007-2008,__export__.account_fiscalyear_184,2012-07-11,2011-2012,__export__.account_fiscalyear_188,761,6616,__export__.res_partner_8368,0,0,0
135,,2008-2009,__export__.account_fiscalyear_185,2012-07-11,2011-2012,__export__.account_fiscalyear_188,761,6616,__export__.res_partner_8368,0,0,0
136,,2009-2010,__export__.account_fiscalyear_186,2012-07-11,2011-2012,__export__.account_fiscalyear_188,761,6616,__export__.res_partner_8368,0,0,0
137,,2011-2012,__export__.account_fiscalyear_188,2012-07-11,2012-2013,__export__.account_fiscalyear_189,761,6616,__export__.res_partner_8368,0,0,0
138,,2010-2011,__export__.account_fiscalyear_187,2011-05-17,2011-2012,__export__.account_fiscalyear_188,326,1003497,#N/A,0,0,0
139,1969-1999,1969-1999,,2001-03-24,2000-2001,__export__.account_fiscalyear_177,5451,3476,__export__.res_partner_4263,0,0,0
140,,2001-2002,__export__.account_fiscalyear_178,2004-06-09,2002-2003,__export__.account_fiscalyear_179,5409,3516,__export__.res_partner_7219,0,0,0
141,,2002-2003,__export__.account_fiscalyear_179,2004-06-09,2004-2005,__export__.account_fiscalyear_181,5409,3516,__export__.res_partner_7219,0,0,0
142,,2003-2004,__export__.account_fiscalyear_180,2004-06-09,2004-2005,__export__.account_fiscalyear_181,5409,3516,__export__.res_partner_7219,0,0,0
143,,2010-2011,__export__.account_fiscalyear_187,2013-04-08,2011-2012,__export__.account_fiscalyear_188,468,7127,__export__.res_partner_5416,0,0,0
144,,2011-2012,__export__.account_fiscalyear_188,2013-04-08,2013-2014,__export__.account_fiscalyear_190,468,7127,__export__.res_partner_5416,0,0,0
145,,2011-2012,__export__.account_fiscalyear_188,2012-05-10,2012-2013,__export__.account_fiscalyear_189,2769,3908,__export__.res_partner_8024,0,0,0
146,,2010-2011,__export__.account_fiscalyear_187,2011-11-21,2011-2012,__export__.account_fiscalyear_188,7025,4012,__export__.res_partner_2044,0,0,0
147,,2009-2010,__export__.account_fiscalyear_186,2013-05-13,2013-2014,__export__.account_fiscalyear_190,5369,3515,__export__.res_partner_6668,0,0,0
148,,2010-2011,__export__.account_fiscalyear_187,2013-05-13,2013-2014,__export__.account_fiscalyear_190,5369,3515,__export__.res_partner_6668,0,0,0
149,,2011-2012,__export__.account_fiscalyear_188,2013-05-13,2013-2014,__export__.account_fiscalyear_190,5369,3515,__export__.res_partner_6668,0,0,0
150,,2012-2013,__export__.account_fiscalyear_189,2013-05-13,2013-2014,__export__.account_fiscalyear_190,5369,3515,__export__.res_partner_6668,0,0,0
151,,2009-2010,__export__.account_fiscalyear_186,2013-05-13,2013-2014,__export__.account_fiscalyear_190,5773,6418,__export__.res_partner_8314,0,0,0
152,,2010-2011,__export__.account_fiscalyear_187,2013-05-13,2013-2014,__export__.account_fiscalyear_190,5773,6418,__export__.res_partner_8314,0,0,0
153,,2010-2011,__export__.account_fiscalyear_187,2012-02-13,2011-2012,__export__.account_fiscalyear_188,369,7141,__export__.res_partner_7549,0,0,0
154,,2011-2012,__export__.account_fiscalyear_188,2012-02-13,2011-2012,__export__.account_fiscalyear_188,369,7141,__export__.res_partner_7549,0,0,0
155,,2006-2007,__export__.account_fiscalyear_183,2008-02-26,2007-2008,__export__.account_fiscalyear_184,7550,7653,__export__.res_partner_45,0,0,0
156,,2011-2012,__export__.account_fiscalyear_188,2012-08-09,2012-2013,__export__.account_fiscalyear_189,5156,3475,__export__.res_partner_3617,0,0,0
157,,2009-2010,__export__.account_fiscalyear_186,2013-03-07,2010-2011,__export__.account_fiscalyear_187,7686,7707,__export__.res_partner_4591,0,0,0
158,,2010-2011,__export__.account_fiscalyear_187,2013-03-07,2011-2012,__export__.account_fiscalyear_188,7686,7707,__export__.res_partner_4591,0,0,0
159,,2011-2012,__export__.account_fiscalyear_188,2013-03-07,2012-2013,__export__.account_fiscalyear_189,7686,7707,__export__.res_partner_4591,0,0,0
160,,1998-1999,__export__.account_fiscalyear_175,2000-04-01,2000-2001,__export__.account_fiscalyear_177,5303,3487,__export__.res_partner_1704,0,0,0
161,1997-1999,1997-1999,,2001-03-31,2000-2001,__export__.account_fiscalyear_177,470,3482,__export__.res_partner_4409,0,0,0
162,,2010-2011,__export__.account_fiscalyear_187,2011-12-31,2011-2012,__export__.account_fiscalyear_188,470,3482,__export__.res_partner_4409,0,0,0
163,,1993-1994,__export__.account_fiscalyear_481,2000-07-12,2000-2001,__export__.account_fiscalyear_177,5322,3484,__export__.res_partner_3383,0,0,0
165,,1996-1997,__export__.account_fiscalyear_173,2001-03-16,2000-2001,__export__.account_fiscalyear_177,6685,4089,__export__.res_partner_3738,0,0,0
166,,1992-1993,__export__.account_fiscalyear_480,2000-10-12,2000-2001,__export__.account_fiscalyear_177,5211,3471,__export__.res_partner_3444,0,0,0
167,,1991-1992,__export__.account_fiscalyear_479,2001-03-24,2000-2001,__export__.account_fiscalyear_177,3670,3500,__export__.res_partner_3231,0,0,0
168,,1991-1992,__export__.account_fiscalyear_479,2000-07-12,2000-2001,__export__.account_fiscalyear_177,5365,3511,__export__.res_partner_4939,0,0,0
169,,2011-2012,__export__.account_fiscalyear_188,2012-07-17,2012-2013,__export__.account_fiscalyear_189,4984,3409,__export__.res_partner_7983,0,0,0
170,,2011-2012,__export__.account_fiscalyear_188,2012-07-30,2012-2013,__export__.account_fiscalyear_189,5399,3404,__export__.res_partner_2111,0,0,0
171,,2011-2012,__export__.account_fiscalyear_188,2012-06-18,2012-2013,__export__.account_fiscalyear_189,4995,3403,__export__.res_partner_8053,0,0,0
172,,1994-1995,__export__.account_fiscalyear_482,2001-03-24,2000-2001,__export__.account_fiscalyear_177,4994,3405,__export__.res_partner_237,0,0,0
173,,2011-2012,__export__.account_fiscalyear_188,2013-03-13,2012-2013,__export__.account_fiscalyear_189,2767,3904,__export__.res_partner_4341,0,0,0
174,,2010-2011,__export__.account_fiscalyear_187,2012-04-30,2012-2013,__export__.account_fiscalyear_189,2922,3853,__export__.res_partner_5912,0,0,0
175,,2012-2013,__export__.account_fiscalyear_189,2013-04-17,2013-2014,__export__.account_fiscalyear_190,3671,3422,__export__.res_partner_5540,0,0,0
176,,2011-2012,__export__.account_fiscalyear_188,2012-11-23,2012-2013,__export__.account_fiscalyear_189,5232,3423,__export__.res_partner_4359,0,0,0
177,,2003-2004,__export__.account_fiscalyear_180,2006-11-17,2004-2005,__export__.account_fiscalyear_181,5060,3425,__export__.res_partner_600,0,0,0
178,,2005-2006,__export__.account_fiscalyear_182,2006-11-17,2006-2007,__export__.account_fiscalyear_183,5060,3425,__export__.res_partner_600,0,0,0
179,,2011-2012,__export__.account_fiscalyear_188,2012-06-19,2012-2013,__export__.account_fiscalyear_189,5154,3420,__export__.res_partner_4745,0,0,0
180,,2011-2012,__export__.account_fiscalyear_188,2013-03-07,2012-2013,__export__.account_fiscalyear_189,2765,3901,__export__.res_partner_4596,0,0,0
181,,2009-2010,__export__.account_fiscalyear_186,2011-02-07,2010-2011,__export__.account_fiscalyear_187,205,7249,__export__.res_partner_1830,0,0,0
182,,2011-2012,__export__.account_fiscalyear_188,2013-05-21,2013-2014,__export__.account_fiscalyear_190,205,7249,__export__.res_partner_1830,0,0,0
183,,2009-2010,__export__.account_fiscalyear_186,2013-04-08,2013-2014,__export__.account_fiscalyear_190,205,7249,__export__.res_partner_1830,0,0,0
184,,2008-2009,__export__.account_fiscalyear_185,2009-10-06,2009-2010,__export__.account_fiscalyear_186,5321,3430,__export__.res_partner_6701,0,0,0
185,,1992-1993,__export__.account_fiscalyear_480,2001-03-31,2000-2001,__export__.account_fiscalyear_177,5205,3426,__export__.res_partner_2349,0,0,0
186,,2011-2012,__export__.account_fiscalyear_188,2012-06-11,2012-2013,__export__.account_fiscalyear_189,4987,3387,__export__.res_partner_2729,0,0,0
187,,2010-2011,__export__.account_fiscalyear_187,2011-07-06,2011-2012,__export__.account_fiscalyear_188,3656,3400,__export__.res_partner_5628,0,0,0
188,,2011-2012,__export__.account_fiscalyear_188,2012-06-21,2012-2013,__export__.account_fiscalyear_189,3656,3400,__export__.res_partner_5628,0,0,0
189,,1994-1995,__export__.account_fiscalyear_482,2000-07-12,2000-2001,__export__.account_fiscalyear_177,5063,3394,__export__.res_partner_5422,0,0,0
190,,2009-2010,__export__.account_fiscalyear_186,2012-06-28,2010-2011,__export__.account_fiscalyear_187,5063,3394,__export__.res_partner_5422,0,0,0
191,,2011-2012,__export__.account_fiscalyear_188,2012-06-28,2012-2013,__export__.account_fiscalyear_189,5063,3394,__export__.res_partner_5422,0,0,0
192,,2009-2010,__export__.account_fiscalyear_186,2013-02-04,2012-2013,__export__.account_fiscalyear_189,5201,3395,__export__.res_partner_3397,0,0,0
193,,2010-2011,__export__.account_fiscalyear_187,2013-02-04,2012-2013,__export__.account_fiscalyear_189,5201,3395,__export__.res_partner_3397,0,0,0
194,,2011-2012,__export__.account_fiscalyear_188,2013-02-04,2012-2013,__export__.account_fiscalyear_189,5201,3395,__export__.res_partner_3397,0,0,0
195,1990-1995,1990-1995,,2000-04-01,2000-2001,__export__.account_fiscalyear_177,3645,3397,__export__.res_partner_8199,0,0,0
196,,1991-1992,__export__.account_fiscalyear_479,2013-03-15,2000-2001,__export__.account_fiscalyear_177,3654,3398,__export__.res_partner_3173,0,0,0
197,,2011-2012,__export__.account_fiscalyear_188,2013-03-15,2012-2013,__export__.account_fiscalyear_189,3654,3398,__export__.res_partner_3173,0,0,0
198,,2011-2012,__export__.account_fiscalyear_188,2012-07-27,2012-2013,__export__.account_fiscalyear_189,5032,3388,__export__.res_partner_5356,0,0,0
199,,2011-2012,__export__.account_fiscalyear_188,2012-06-18,2012-2013,__export__.account_fiscalyear_189,5058,3390,__export__.res_partner_1792,0,0,0
200,,2010-2011,__export__.account_fiscalyear_187,2013-04-02,2013-2014,__export__.account_fiscalyear_190,5062,3391,__export__.res_partner_4328,0,0,0
201,,2011-2012,__export__.account_fiscalyear_188,2013-04-02,2013-2014,__export__.account_fiscalyear_190,5062,3391,__export__.res_partner_4328,0,0,0
202,,2001-2002,__export__.account_fiscalyear_178,2005-12-23,2002-2003,__export__.account_fiscalyear_179,5620,3911,__export__.res_partner_1542,0,0,0
203,,2003-2004,__export__.account_fiscalyear_180,2005-12-23,2005-2006,__export__.account_fiscalyear_182,5620,3911,__export__.res_partner_1542,0,0,0
204,,2004-2005,__export__.account_fiscalyear_181,2005-12-23,2005-2006,__export__.account_fiscalyear_182,5620,3911,__export__.res_partner_1542,0,0,0
205,,1998-1999,__export__.account_fiscalyear_175,2000-07-12,2000-2001,__export__.account_fiscalyear_177,5790,3894,__export__.res_partner_4848,0,0,0
206,,1994-1995,__export__.account_fiscalyear_482,2001-02-12,2000-2001,__export__.account_fiscalyear_177,5126,3452,__export__.res_partner_3625,0,0,0
207,,2006-2007,__export__.account_fiscalyear_183,2010-10-01,2007-2008,__export__.account_fiscalyear_184,2937,3831,__export__.res_partner_7067,0,0,0
208,,2007-2008,__export__.account_fiscalyear_184,2010-10-01,2008-2009,__export__.account_fiscalyear_185,2937,3831,__export__.res_partner_7067,0,0,0
209,,2009-2010,__export__.account_fiscalyear_186,2010-10-01,2010-2011,__export__.account_fiscalyear_187,2937,3831,__export__.res_partner_7067,0,0,0
210,,2004-2005,__export__.account_fiscalyear_181,2005-12-23,2005-2006,__export__.account_fiscalyear_182,2937,3831,__export__.res_partner_7067,0,0,0
211,,2011-2012,__export__.account_fiscalyear_188,2012-12-14,2012-2013,__export__.account_fiscalyear_189,4949,3454,__export__.res_partner_1662,0,0,0
212,,1991-1992,__export__.account_fiscalyear_479,2001-02-12,2000-2001,__export__.account_fiscalyear_177,4949,3454,__export__.res_partner_1662,0,0,0
213,,2003-2004,__export__.account_fiscalyear_180,2005-07-15,2005-2006,__export__.account_fiscalyear_182,4949,3454,__export__.res_partner_1662,0,0,0
214,,2006-2007,__export__.account_fiscalyear_183,2008-12-03,2008-2009,__export__.account_fiscalyear_185,4949,3454,__export__.res_partner_1662,0,0,0
215,,2011-2012,__export__.account_fiscalyear_188,2013-02-26,2012-2013,__export__.account_fiscalyear_189,4949,3454,__export__.res_partner_1662,0,0,0
216,,2007-2008,__export__.account_fiscalyear_184,2013-05-18,2013-2014,__export__.account_fiscalyear_190,4949,3454,__export__.res_partner_1662,0,0,0
217,,2008-2009,__export__.account_fiscalyear_185,2013-05-18,2013-2014,__export__.account_fiscalyear_190,4949,3454,__export__.res_partner_1662,0,0,0
218,,2009-2010,__export__.account_fiscalyear_186,2013-05-18,2013-2014,__export__.account_fiscalyear_190,4949,3454,__export__.res_partner_1662,0,0,0
219,,2010-2011,__export__.account_fiscalyear_187,2013-05-18,2013-2014,__export__.account_fiscalyear_190,4949,3454,__export__.res_partner_1662,0,0,0
220,,2009-2010,__export__.account_fiscalyear_186,2011-04-20,2011-2012,__export__.account_fiscalyear_188,5022,3381,__export__.res_partner_5248,0,0,0
221,,2010-2011,__export__.account_fiscalyear_187,2011-05-21,2011-2012,__export__.account_fiscalyear_188,5022,3381,__export__.res_partner_5248,0,0,0
222,,2011-2012,__export__.account_fiscalyear_188,2012-09-11,2012-2013,__export__.account_fiscalyear_189,5022,3381,__export__.res_partner_5248,0,0,0
223,1993-1998,1993-1998,,2001-03-01,2000-2001,__export__.account_fiscalyear_177,6941,3810,__export__.res_partner_6531,0,0,0
224,,1997-1998,__export__.account_fiscalyear_174,2000-07-12,2000-2001,__export__.account_fiscalyear_177,3436,3877,__export__.res_partner_941,0,0,0
225,1990-1997,1990-1997,,2001-03-30,2000-2001,__export__.account_fiscalyear_177,5273,3384,__export__.res_partner_1254,0,0,0
226,,2001-2002,__export__.account_fiscalyear_178,2002-10-16,2002-2003,__export__.account_fiscalyear_179,5273,3384,__export__.res_partner_1254,0,0,0
227,,2012-2013,__export__.account_fiscalyear_189,2013-05-23,2013-2014,__export__.account_fiscalyear_190,5105,3355,__export__.res_partner_3210,0,0,0
228,,2011-2012,__export__.account_fiscalyear_188,2012-09-14,2012-2013,__export__.account_fiscalyear_189,4992,3358,__export__.res_partner_481,0,0,0
229,,2011-2012,__export__.account_fiscalyear_188,2012-12-15,2012-2013,__export__.account_fiscalyear_189,4982,3378,__export__.res_partner_2633,0,0,0
230,,1994-1995,__export__.account_fiscalyear_482,2000-07-12,2000-2001,__export__.account_fiscalyear_177,2766,3903,__export__.res_partner_5867,0,0,0
231,1994-1998,1994-1998,,2005-04-25,2000-2001,__export__.account_fiscalyear_177,5786,3902,__export__.res_partner_6837,0,0,0
232,,2003-2004,__export__.account_fiscalyear_180,2005-04-25,2004-2005,__export__.account_fiscalyear_181,5786,3902,__export__.res_partner_6837,0,0,0
233,,2004-2005,__export__.account_fiscalyear_181,2005-04-25,2005-2006,__export__.account_fiscalyear_182,5786,3902,__export__.res_partner_6837,0,0,0
234,,2011-2012,__export__.account_fiscalyear_188,2012-09-18,2012-2013,__export__.account_fiscalyear_189,7657,7594,__export__.res_partner_3389,0,0,0
235,,2011-2012,__export__.account_fiscalyear_188,2012-12-15,2012-2013,__export__.account_fiscalyear_189,5055,3350,__export__.res_partner_1478,0,0,0
236,,1998-1999,__export__.account_fiscalyear_175,2001-03-31,2000-2001,__export__.account_fiscalyear_177,1022,6825,__export__.res_partner_701,0,0,0
237,,2004-2005,__export__.account_fiscalyear_181,2009-05-19,2005-2006,__export__.account_fiscalyear_182,1022,6825,__export__.res_partner_701,0,0,0
238,,2007-2008,__export__.account_fiscalyear_184,2009-05-19,2009-2010,__export__.account_fiscalyear_186,1022,6825,__export__.res_partner_701,0,0,0
239,,2008-2009,__export__.account_fiscalyear_185,2009-05-19,2009-2010,__export__.account_fiscalyear_186,1022,6825,__export__.res_partner_701,0,0,0
240,,2011-2012,__export__.account_fiscalyear_188,2013-03-07,2012-2013,__export__.account_fiscalyear_189,5020,3364,__export__.res_partner_3179,0,0,0
241,,2005-2006,__export__.account_fiscalyear_182,2009-03-27,2006-2007,__export__.account_fiscalyear_183,4975,3366,__export__.res_partner_7677,0,0,0
242,,2006-2007,__export__.account_fiscalyear_183,2009-03-27,2007-2008,__export__.account_fiscalyear_184,4975,3366,__export__.res_partner_7677,0,0,0
243,,2007-2008,__export__.account_fiscalyear_184,2009-03-27,2008-2009,__export__.account_fiscalyear_185,4975,3366,__export__.res_partner_7677,0,0,0
244,,2008-2009,__export__.account_fiscalyear_185,2009-08-13,2009-2010,__export__.account_fiscalyear_186,5268,3372,__export__.res_partner_6939,0,0,0
245,,2003-2004,__export__.account_fiscalyear_180,2007-01-31,2005-2006,__export__.account_fiscalyear_182,242,7152,__export__.res_partner_6452,0,0,0
246,,2005-2006,__export__.account_fiscalyear_182,2007-01-31,2006-2007,__export__.account_fiscalyear_183,242,7152,__export__.res_partner_6452,0,0,0
247,,2004-2005,__export__.account_fiscalyear_181,2007-01-31,2006-2007,__export__.account_fiscalyear_183,242,7152,__export__.res_partner_6452,0,0,0
248,,1998-1999,__export__.account_fiscalyear_175,2001-03-31,2000-2001,__export__.account_fiscalyear_177,5018,3346,__export__.res_partner_5182,0,0,0
249,,2004-2005,__export__.account_fiscalyear_181,2005-12-26,2005-2006,__export__.account_fiscalyear_182,4980,3370,__export__.res_partner_572,0,0,0
250,,2006-2007,__export__.account_fiscalyear_183,2007-10-19,2007-2008,__export__.account_fiscalyear_184,4980,3370,__export__.res_partner_572,0,0,0
251,,2009-2010,__export__.account_fiscalyear_186,2013-05-23,2010-2011,__export__.account_fiscalyear_187,4980,3370,__export__.res_partner_572,0,0,0
252,,2012-2013,__export__.account_fiscalyear_189,2013-05-23,2013-2014,__export__.account_fiscalyear_190,4980,3370,__export__.res_partner_572,0,0,0
253,,2012-2013,__export__.account_fiscalyear_189,2013-09-10,2013-2014,__export__.account_fiscalyear_190,205,7249,__export__.res_partner_1830,0,0,0
254,,2010-2011,__export__.account_fiscalyear_187,2013-09-10,2013-2014,__export__.account_fiscalyear_190,205,7249,__export__.res_partner_1830,0,0,0
255,,2012-2013,__export__.account_fiscalyear_189,2013-09-10,2013-2014,__export__.account_fiscalyear_190,7877,1032492,#N/A,0,0,0
256,,2012-2013,__export__.account_fiscalyear_189,2013-09-10,2013-2014,__export__.account_fiscalyear_190,3661,3402,__export__.res_partner_6231,0,0,0
257,,2012-2013,__export__.account_fiscalyear_189,2013-09-10,2013-2013,,7689,7710,__export__.res_partner_3432,0,0,0
258,,2011-2012,__export__.account_fiscalyear_188,2013-03-19,2012-2013,__export__.account_fiscalyear_189,5004,3393,__export__.res_partner_7575,0,0,0
259,,2012-2013,__export__.account_fiscalyear_189,2013-09-11,2013-2014,__export__.account_fiscalyear_190,2958,3869,__export__.res_partner_6176,0,0,0
260,,2010-2011,__export__.account_fiscalyear_187,2013-09-11,2013-2014,__export__.account_fiscalyear_190,204,7160,__export__.res_partner_7338,0,0,0
261,,2012-2013,__export__.account_fiscalyear_189,2013-09-11,2013-2014,__export__.account_fiscalyear_190,5467,3556,__export__.res_partner_8098,0,0,0
262,,2012-2013,__export__.account_fiscalyear_189,2013-09-11,2013-2014,__export__.account_fiscalyear_190,5425,3552,__export__.res_partner_3879,0,0,0
263,,2012-2013,__export__.account_fiscalyear_189,2013-09-11,2013-2014,__export__.account_fiscalyear_190,5372,3536,__export__.res_partner_2719,0,0,0
264,,2012-2013,__export__.account_fiscalyear_189,2013-09-11,2013-2014,__export__.account_fiscalyear_190,2975,3879,__export__.res_partner_6724,0,0,0
265,,2012-2013,__export__.account_fiscalyear_189,2013-09-11,2013-2014,__export__.account_fiscalyear_190,2930,3818,__export__.res_partner_1697,0,0,0
266,,2012-2013,__export__.account_fiscalyear_189,2013-09-12,2013-2014,__export__.account_fiscalyear_190,5117,3466,__export__.res_partner_5536,0,0,0
267,,2012-2013,__export__.account_fiscalyear_189,2013-09-12,2013-2014,__export__.account_fiscalyear_190,5085,3465,__export__.res_partner_5453,0,0,0
268,,2012-2013,__export__.account_fiscalyear_189,2013-09-12,2013-2014,__export__.account_fiscalyear_190,5242,3456,__export__.res_partner_3774,0,0,0
269,,2012-2013,__export__.account_fiscalyear_189,2013-09-12,2013-2014,__export__.account_fiscalyear_190,7708,7726,__export__.res_partner_1721,0,0,0
271,,2012-2013,__export__.account_fiscalyear_189,2013-09-13,2013-2014,__export__.account_fiscalyear_190,5633,6419,__export__.res_partner_4553,0,0,0
270,,2012-2013,__export__.account_fiscalyear_189,2013-09-13,2013-2014,__export__.account_fiscalyear_190,5356,3532,__export__.res_partner_2216,0,0,0
272,,2012-2013,__export__.account_fiscalyear_189,2013-09-23,2013-2014,__export__.account_fiscalyear_190,624,7012,__export__.res_partner_7144,0,0,0
273,,2012-2013,__export__.account_fiscalyear_189,2013-09-28,2013-2014,__export__.account_fiscalyear_190,2270,5643,__export__.res_partner_5219,0,0,0
274,,2012-2013,__export__.account_fiscalyear_189,2013-09-30,2013-2014,__export__.account_fiscalyear_190,1632,5745,__export__.res_partner_3727,0,0,0
275,,2012-2013,__export__.account_fiscalyear_189,2013-09-30,2013-2014,__export__.account_fiscalyear_190,4987,3387,__export__.res_partner_2729,0,0,0
276,,2012-2013,__export__.account_fiscalyear_189,2013-09-30,2013-2014,__export__.account_fiscalyear_190,3654,3398,__export__.res_partner_3173,0,0,0
277,,2012-2013,__export__.account_fiscalyear_189,2013-10-01,2013-2014,__export__.account_fiscalyear_190,5232,3423,__export__.res_partner_4359,0,0,0
278,,2012-2013,__export__.account_fiscalyear_189,2013-10-01,2013-2014,__export__.account_fiscalyear_190,2445,4856,__export__.res_partner_5829,0,0,0
279,,2012-2013,__export__.account_fiscalyear_189,2013-10-01,2013-2014,__export__.account_fiscalyear_190,5147,3440,__export__.res_partner_6052,0,0,0
281,,2012-2013,__export__.account_fiscalyear_189,2013-10-01,2013-2014,__export__.account_fiscalyear_190,5214,3442,__export__.res_partner_4476,0,0,0
280,,2012-2013,__export__.account_fiscalyear_189,2013-10-01,2013-2014,__export__.account_fiscalyear_190,3655,3399,__export__.res_partner_1562,0,0,0
282,,2012-2013,__export__.account_fiscalyear_189,2013-10-03,2013-2014,__export__.account_fiscalyear_190,5027,3459,__export__.res_partner_2182,0,0,0
283,,2005-2006,__export__.account_fiscalyear_182,2013-10-03,2013-2014,__export__.account_fiscalyear_190,509,5964,__export__.res_partner_335,0,0,0
284,,2012-2013,__export__.account_fiscalyear_189,2013-10-03,2013-2014,__export__.account_fiscalyear_190,509,5964,__export__.res_partner_335,0,0,0
285,,2012-2013,__export__.account_fiscalyear_189,2013-10-04,2013-2014,__export__.account_fiscalyear_190,5402,3464,__export__.res_partner_409,0,0,0
286,,2012-2013,__export__.account_fiscalyear_189,2013-10-05,2013-2014,__export__.account_fiscalyear_190,2118,5075,__export__.res_partner_7391,0,0,0
287,,2012-2013,__export__.account_fiscalyear_189,2013-10-05,2013-2014,__export__.account_fiscalyear_190,5156,3475,__export__.res_partner_3617,0,0,0
288,,2012-2013,__export__.account_fiscalyear_189,2013-10-09,2013-2014,__export__.account_fiscalyear_190,1377,6029,__export__.res_partner_2146,0,0,0
289,,2012-2013,__export__.account_fiscalyear_189,2013-10-09,2013-2014,__export__.account_fiscalyear_190,5320,3458,__export__.res_partner_7867,0,0,0
290,,2012-2013,__export__.account_fiscalyear_189,2013-10-09,2013-2014,__export__.account_fiscalyear_190,771,7011,__export__.res_partner_423,0,0,0
291,,2012-2013,__export__.account_fiscalyear_189,2013-10-11,2013-2014,__export__.account_fiscalyear_190,5310,3498,__export__.res_partner_779,0,0,0
292,,2012-2013,__export__.account_fiscalyear_189,2013-10-11,2013-2014,__export__.account_fiscalyear_190,7479,7464,__export__.res_partner_4741,0,0,0
293,,2012-2013,__export__.account_fiscalyear_189,2013-10-11,2013-2014,__export__.account_fiscalyear_190,5019,3414,__export__.res_partner_1782,0,0,0
294,,2012-2013,__export__.account_fiscalyear_189,2013-10-11,2013-2014,__export__.account_fiscalyear_190,5081,3416,__export__.res_partner_7030,0,0,0
296,,2012-2013,__export__.account_fiscalyear_189,2013-10-18,2013-2014,__export__.account_fiscalyear_190,5469,3537,__export__.res_partner_4169,0,0,0
297,,2012-2013,__export__.account_fiscalyear_189,2013-10-18,2013-2014,__export__.account_fiscalyear_190,559,5977,__export__.res_partner_4165,0,0,0
298,,2012-2013,__export__.account_fiscalyear_189,2013-10-18,2013-2014,__export__.account_fiscalyear_190,1166,5904,__export__.res_partner_5249,0,0,0
299,,2012-2013,__export__.account_fiscalyear_189,2013-10-18,2013-2014,__export__.account_fiscalyear_190,4949,3454,__export__.res_partner_1662,0,0,0
300,,2012-2013,__export__.account_fiscalyear_189,2013-10-19,2013-2014,__export__.account_fiscalyear_190,5280,3431,__export__.res_partner_7050,0,0,0
301,,2012-2013,__export__.account_fiscalyear_189,2013-10-23,2013-2014,__export__.account_fiscalyear_190,2778,4087,__export__.res_partner_8341,0,0,0
302,,2012-2013,__export__.account_fiscalyear_189,2013-10-23,2013-2014,__export__.account_fiscalyear_190,225,7118,__export__.res_partner_4888,0,0,0
303,,2012-2013,__export__.account_fiscalyear_189,2013-10-23,2013-2014,__export__.account_fiscalyear_190,2779,4088,__export__.res_partner_284,0,0,0
304,,2012-2013,__export__.account_fiscalyear_189,2013-10-23,2013-2014,__export__.account_fiscalyear_190,5058,3390,__export__.res_partner_1792,0,0,0
305,,2012-2013,__export__.account_fiscalyear_189,2013-10-23,2013-2014,__export__.account_fiscalyear_190,5139,3382,__export__.res_partner_8240,0,0,0
306,,2012-2013,__export__.account_fiscalyear_189,2013-10-23,2013-2014,__export__.account_fiscalyear_190,188,7204,__export__.res_partner_3613,0,0,0
307,,2012-2013,__export__.account_fiscalyear_189,2013-10-23,2013-2014,__export__.account_fiscalyear_190,5504,3523,__export__.res_partner_6689,0,0,0
308,,2012-2013,__export__.account_fiscalyear_189,2013-10-24,2013-2014,__export__.account_fiscalyear_190,1136,6130,__export__.res_partner_6016,0,0,0
309,,2012-2013,__export__.account_fiscalyear_189,2013-10-24,2013-2014,__export__.account_fiscalyear_190,5396,3543,__export__.res_partner_514,0,0,0
310,,2012-2013,__export__.account_fiscalyear_189,2013-10-24,2013-2014,__export__.account_fiscalyear_190,2886,3755,__export__.res_partner_4401,0,0,0
311,,2012-2013,__export__.account_fiscalyear_189,2013-10-29,2013-2014,__export__.account_fiscalyear_190,5074,3448,__export__.res_partner_4702,0,0,0
312,,2012-2013,__export__.account_fiscalyear_189,2013-10-30,2013-2014,__export__.account_fiscalyear_190,5269,3376,__export__.res_partner_1347,0,0,0
313,,2012-2013,__export__.account_fiscalyear_189,2013-10-31,2013-2014,__export__.account_fiscalyear_190,4984,3409,__export__.res_partner_7983,0,0,0
314,,2012-2013,__export__.account_fiscalyear_189,2013-10-31,2013-2014,__export__.account_fiscalyear_190,5111,3435,__export__.res_partner_5715,0,0,0
315,,2012-2013,__export__.account_fiscalyear_189,2013-10-31,2013-2014,__export__.account_fiscalyear_190,761,6616,__export__.res_partner_8368,0,0,0
316,,2012-2013,__export__.account_fiscalyear_189,2013-10-31,2013-2014,__export__.account_fiscalyear_190,5026,3413,__export__.res_partner_8040,0,0,0
317,,2012-2013,__export__.account_fiscalyear_189,2013-11-05,2013-2014,__export__.account_fiscalyear_190,1438,6074,__export__.res_partner_1282,0,0,0
318,,2012-2013,__export__.account_fiscalyear_189,2013-11-08,2013-2014,__export__.account_fiscalyear_190,4982,3378,__export__.res_partner_2633,0,0,0
319,,2012-2013,__export__.account_fiscalyear_189,2013-11-08,2013-2014,__export__.account_fiscalyear_190,5055,3350,__export__.res_partner_1478,0,0,0
320,,2012-2013,__export__.account_fiscalyear_189,2013-11-08,2013-2014,__export__.account_fiscalyear_190,5074,3448,__export__.res_partner_4702,0,0,0
321,,2012-2013,__export__.account_fiscalyear_189,2013-11-08,2013-2014,__export__.account_fiscalyear_190,4992,3358,__export__.res_partner_481,0,0,0
322,,2012-2013,__export__.account_fiscalyear_189,2013-11-12,2013-2014,__export__.account_fiscalyear_190,5011,3375,__export__.res_partner_804,0,0,0
323,,2012-2013,__export__.account_fiscalyear_189,2013-11-13,2013-2014,__export__.account_fiscalyear_190,5016,3367,__export__.res_partner_4736,0,0,0
324,,2012-2013,__export__.account_fiscalyear_189,2013-11-23,2013-2014,__export__.account_fiscalyear_190,5410,3541,__export__.res_partner_6820,0,0,0
325,,2011-2012,__export__.account_fiscalyear_188,2013-11-26,2013-2014,__export__.account_fiscalyear_190,5402,3464,__export__.res_partner_409,0,0,0
326,,2012-2013,__export__.account_fiscalyear_189,2013-11-27,2013-2014,__export__.account_fiscalyear_190,7657,7594,__export__.res_partner_3389,0,0,0
327,,2012-2013,__export__.account_fiscalyear_189,2013-11-29,2013-2014,__export__.account_fiscalyear_190,563,5989,__export__.res_partner_3677,0,0,0
328,,2012-2013,__export__.account_fiscalyear_189,2013-12-06,2013-2014,__export__.account_fiscalyear_190,884,5934,__export__.res_partner_2175,0,0,0
329,,2012-2013,__export__.account_fiscalyear_189,2013-12-17,2013-2014,__export__.account_fiscalyear_190,260,7149,__export__.res_partner_2731,0,0,0
330,,2012-2013,__export__.account_fiscalyear_189,2013-12-27,2013-2014,__export__.account_fiscalyear_190,5039,3433,__export__.res_partner_961,0,0,0
331,,2012-2013,__export__.account_fiscalyear_189,2014-01-02,2013-2014,__export__.account_fiscalyear_190,6972,4011,__export__.res_partner_5137,0,0,0
332,,2012-2013,__export__.account_fiscalyear_189,2014-01-03,2013-2014,__export__.account_fiscalyear_190,5230,3374,__export__.res_partner_3224,0,0,0
333,,2012-2013,__export__.account_fiscalyear_189,2014-01-04,2013-2014,__export__.account_fiscalyear_190,5022,3381,__export__.res_partner_5248,0,0,0
334,,2012-2013,__export__.account_fiscalyear_189,2014-01-16,2013-2014,__export__.account_fiscalyear_190,5078,3451,__export__.res_partner_3107,0,0,0
335,,2012-2013,__export__.account_fiscalyear_189,2014-01-17,2013-2014,__export__.account_fiscalyear_190,7820,7837,__export__.res_partner_6529,0,0,0
336,,2012-2013,__export__.account_fiscalyear_189,2014-01-27,2013-2014,__export__.account_fiscalyear_190,884,5934,__export__.res_partner_2175,0,0,0
343,,2011-2012,__export__.account_fiscalyear_188,2012-12-24,2012-2013,__export__.account_fiscalyear_189,2778,4087,__export__.res_partner_8341,0,0,0
347,,2012-2013,__export__.account_fiscalyear_189,2014-03-14,2013-2014,__export__.account_fiscalyear_190,5146,3438,__export__.res_partner_1274,0,0,0
348,,2012-2013,__export__.account_fiscalyear_189,2014-03-22,2013-2014,__export__.account_fiscalyear_190,2817,3980,__export__.res_partner_829,0,0,0
349,,2012-2013,__export__.account_fiscalyear_189,2014-03-26,2013-2014,__export__.account_fiscalyear_190,5367,3530,__export__.res_partner_7592,0,0,0
350,,2012-2013,__export__.account_fiscalyear_189,2014-03-31,2013-2014,__export__.account_fiscalyear_190,2765,3901,__export__.res_partner_4596,0,0,0
355,,2005-2006,__export__.account_fiscalyear_182,2012-01-17,2006-2007,__export__.account_fiscalyear_183,2778,4087,__export__.res_partner_8341,0,0,0
356,,2006-2007,__export__.account_fiscalyear_183,2012-01-17,2007-2008,__export__.account_fiscalyear_184,2778,4087,__export__.res_partner_8341,0,0,0
357,,2007-2008,__export__.account_fiscalyear_184,2012-01-17,2011-2012,__export__.account_fiscalyear_188,2778,4087,__export__.res_partner_8341,0,0,0
358,,2008-2009,__export__.account_fiscalyear_185,2012-01-17,2011-2012,__export__.account_fiscalyear_188,2778,4087,__export__.res_partner_8341,0,0,0
359,,2009-2010,__export__.account_fiscalyear_186,2012-01-17,2011-2012,__export__.account_fiscalyear_188,2778,4087,__export__.res_partner_8341,0,0,0
360,,2010-2011,__export__.account_fiscalyear_187,2012-01-17,2011-2012,__export__.account_fiscalyear_188,2778,4087,__export__.res_partner_8341,0,0,0
361,,2005-2006,__export__.account_fiscalyear_182,2014-02-03,2013-2014,__export__.account_fiscalyear_190,2778,4087,__export__.res_partner_8341,0,0,0
362,,2006-2007,__export__.account_fiscalyear_183,2014-02-03,2013-2014,__export__.account_fiscalyear_190,2778,4087,__export__.res_partner_8341,0,0,0
363,,2007-2008,__export__.account_fiscalyear_184,2014-02-03,2013-2014,__export__.account_fiscalyear_190,2778,4087,__export__.res_partner_8341,0,0,0
364,,2008-2009,__export__.account_fiscalyear_185,2014-02-03,2013-2014,__export__.account_fiscalyear_190,2778,4087,__export__.res_partner_8341,0,0,0
365,,2009-2010,__export__.account_fiscalyear_186,2014-02-03,2013-2014,__export__.account_fiscalyear_190,2778,4087,__export__.res_partner_8341,0,0,0
366,,2010-2011,__export__.account_fiscalyear_187,2014-02-03,2013-2014,__export__.account_fiscalyear_190,2778,4087,__export__.res_partner_8341,0,0,0
368,,2013-2014,__export__.account_fiscalyear_190,2014-05-21,2014-2015,__export__.account_fiscalyear_191,727,6644,__export__.res_partner_3719,0,0,0
369,,2013-2014,__export__.account_fiscalyear_190,2014-05-21,2014-2015,__export__.account_fiscalyear_191,5214,3442,__export__.res_partner_4476,0,0,0
370,,2013-2014,__export__.account_fiscalyear_190,2014-05-21,2014-2015,__export__.account_fiscalyear_191,325,7121,__export__.res_partner_8200,0,0,0
371,,2013-2014,__export__.account_fiscalyear_190,2014-05-21,2014-2015,__export__.account_fiscalyear_191,469,5990,__export__.res_partner_3862,0,0,0
372,,2012-2013,__export__.account_fiscalyear_189,2014-05-24,2014-2015,__export__.account_fiscalyear_191,2951,4042,__export__.res_partner_2487,0,0,0
367,,2012-2013,__export__.account_fiscalyear_189,2014-05-14,2014-2015,__export__.account_fiscalyear_191,2767,3904,__export__.res_partner_4341,0,0,0
373,,2013-2014,__export__.account_fiscalyear_190,2014-06-05,2014-2015,__export__.account_fiscalyear_191,624,7012,__export__.res_partner_7144,0,0,0
374,,2013-2014,__export__.account_fiscalyear_190,2014-06-06,2014-2015,__export__.account_fiscalyear_191,260,7149,__export__.res_partner_2731,0,0,0
375,,2013-2014,__export__.account_fiscalyear_190,2014-06-06,2014-2015,__export__.account_fiscalyear_191,7925,7931,__export__.res_partner_1085,0,0,0
376,,2013-2014,__export__.account_fiscalyear_190,2014-06-06,2014-2015,__export__.account_fiscalyear_191,204,7160,__export__.res_partner_7338,0,0,0
377,,2013-2014,__export__.account_fiscalyear_190,2014-06-10,2014-2015,__export__.account_fiscalyear_191,3671,3422,__export__.res_partner_5540,0,0,0
379,,2013-2014,__export__.account_fiscalyear_190,2014-06-23,2014-2015,__export__.account_fiscalyear_191,727,6644,__export__.res_partner_3719,0,0,0
380,,2013-2014,__export__.account_fiscalyear_190,2014-06-23,2014-2015,__export__.account_fiscalyear_191,204,7160,__export__.res_partner_7338,0,0,0
381,,2013-2014,__export__.account_fiscalyear_190,2014-06-27,2014-2015,__export__.account_fiscalyear_191,3661,3402,__export__.res_partner_6231,0,0,0
382,,2013-2014,__export__.account_fiscalyear_190,2014-06-30,2014-2015,__export__.account_fiscalyear_191,3656,3400,__export__.res_partner_5628,0,0,0
383,,2013-2014,__export__.account_fiscalyear_190,2014-06-30,2014-2015,__export__.account_fiscalyear_191,3655,3399,__export__.res_partner_1562,0,0,0
378,,2013-2014,__export__.account_fiscalyear_190,2014-06-13,2014-2015,__export__.account_fiscalyear_191,2975,3879,__export__.res_partner_6724,0,0,0
384,,2013-2014,__export__.account_fiscalyear_190,2014-07-07,2014-2015,__export__.account_fiscalyear_191,5074,3448,__export__.res_partner_4702,0,0,0
385,,2013-2014,__export__.account_fiscalyear_190,2014-07-14,2014-2015,__export__.account_fiscalyear_191,2930,3818,__export__.res_partner_1697,0,0,0
386,,2013-2014,__export__.account_fiscalyear_190,2014-07-31,2014-2015,__export__.account_fiscalyear_191,379,7151,__export__.res_partner_610,0,0,0
388,,2013-2014,__export__.account_fiscalyear_190,2014-07-31,2014-2015,__export__.account_fiscalyear_191,5217,3463,__export__.res_partner_3033,0,0,0
389,,2013-2014,__export__.account_fiscalyear_190,2014-08-01,2014-2015,__export__.account_fiscalyear_191,5101,3356,__export__.res_partner_6980,0,0,0
387,,2013-2014,__export__.account_fiscalyear_190,2014-07-31,2014-2015,__export__.account_fiscalyear_191,5402,3464,__export__.res_partner_409,0,0,0
390,,2013-2014,__export__.account_fiscalyear_190,2014-08-01,2014-2015,__export__.account_fiscalyear_191,5295,3485,__export__.res_partner_2215,0,0,0
391,,2013-2014,__export__.account_fiscalyear_190,2014-08-01,2014-2015,__export__.account_fiscalyear_191,188,7204,__export__.res_partner_3613,0,0,0
392,,2011-2012,__export__.account_fiscalyear_188,2014-08-04,2014-2015,__export__.account_fiscalyear_191,728,5974,__export__.res_partner_1603,0,0,0
393,,2012-2013,__export__.account_fiscalyear_189,2014-08-04,2014-2015,__export__.account_fiscalyear_191,728,5974,__export__.res_partner_1603,0,0,0
394,,2013-2014,__export__.account_fiscalyear_190,2014-08-04,2014-2015,__export__.account_fiscalyear_191,728,5974,__export__.res_partner_1603,0,0,0
395,,2013-2014,__export__.account_fiscalyear_190,2014-08-04,2014-2015,__export__.account_fiscalyear_191,2765,3901,__export__.res_partner_4596,0,0,0
396,,2013-2014,__export__.account_fiscalyear_190,2014-08-04,2014-2015,__export__.account_fiscalyear_191,4949,3454,__export__.res_partner_1662,0,0,0
397,,2013-2014,__export__.account_fiscalyear_190,2014-08-04,2014-2015,__export__.account_fiscalyear_191,5105,3355,__export__.res_partner_3210,0,0,0
398,,2013-2014,__export__.account_fiscalyear_190,2014-08-04,2014-2015,__export__.account_fiscalyear_191,7708,7726,__export__.res_partner_1721,0,0,0
399,,2013-2014,__export__.account_fiscalyear_190,2014-08-04,2014-2015,__export__.account_fiscalyear_191,5020,3364,__export__.res_partner_3179,0,0,0
400,,2013-2014,__export__.account_fiscalyear_190,2014-08-05,2014-2015,__export__.account_fiscalyear_191,1377,6029,__export__.res_partner_2146,0,0,0
401,,2013-2014,__export__.account_fiscalyear_190,2014-08-05,2014-2015,__export__.account_fiscalyear_191,5467,3556,__export__.res_partner_8098,0,0,0
